<?xml version="1.0" encoding="utf-8"?>
<!--/12897586/1577691/2.50/22/4/Connector/-->
<quadcept_library>
  <setting unit="mil" />
  <textstyle name="Default" height="47.244094488189" strokewidth="7.8740157480315" charwidth="47.244094488189" />
  <textstyle name="Dimension" height="19.6850393700787" strokewidth="0" charwidth="19.6850393700787" />
  <textstyle name="H127W0635TH00762" height="50" strokewidth="3" charwidth="25" />
  <textstyle name="H15W15TH02" height="59.0551181102362" strokewidth="7.8740157480315" charwidth="59.0551181102362" />
  <padstyle name="c120_h70" surface="False" plated="True" isvia="False" nopaste="True" nomask="True" complex="False" holesize="27.55905511811">
    <padshape layer="TOP" shape="round" width="47.244094488188" height="47.244094488188" />
    <padshape layer="TOP_SOLDER_MASK" shape="round" width="55.11811023622" height="55.11811023622" />
    <padshape layer="INNER" shape="round" width="47.244094488188" height="47.244094488188" />
    <padshape layer="BOTTOM" shape="round" width="47.244094488188" height="47.244094488188" />
    <padshape layer="BOTTOM_SOLDER_MASK" shape="round" width="55.11811023622" height="55.11811023622" />
  </padstyle>
  <padstyle name="c345_h230" surface="False" plated="True" isvia="False" nopaste="True" nomask="True" complex="False" holesize="90.551181102361">
    <padshape layer="TOP" shape="round" width="135.82677165354" height="135.82677165354" />
    <padshape layer="TOP_SOLDER_MASK" shape="round" width="143.70078740157" height="143.70078740157" />
    <padshape layer="INNER" shape="round" width="135.82677165354" height="135.82677165354" />
    <padshape layer="BOTTOM" shape="round" width="135.82677165354" height="135.82677165354" />
    <padshape layer="BOTTOM_SOLDER_MASK" shape="round" width="143.70078740157" height="143.70078740157" />
  </padstyle>
  <footprint name="484060003" originx="0" originy="0" pickpointx="0" pickpointy="0">
    <pcbpin number="1" name="1" style="c120_h70" originx="0" originy="0" rotation="90" />
    <pcbpin number="2" name="2" style="c120_h70" originx="0" originy="-98.425196850392" rotation="90" />
    <pcbpin number="3" name="3" style="c120_h70" originx="0" originy="-177.16535433071" rotation="90" />
    <pcbpin number="4" name="4" style="c120_h70" originx="0" originy="-275.5905511811" rotation="90" />
    <pcbpin number="5" name="5" style="c120_h70" originx="59.055118110235" originy="-295.27559055118" rotation="90" />
    <pcbpin number="6" name="6" style="c120_h70" originx="59.055118110235" originy="-216.53543307086" rotation="90" />
    <pcbpin number="7" name="7" style="c120_h70" originx="59.055118110235" originy="-137.79527559055" rotation="90" />
    <pcbpin number="8" name="8" style="c120_h70" originx="59.055118110235" originy="-59.055118110235" rotation="90" />
    <pcbpin number="9" name="9" style="c120_h70" originx="59.055118110235" originy="19.685039370078" rotation="90" />
    <pcbpin number="10" name="10" style="c120_h70" originx="125.9842519685" originy="0" rotation="90" />
    <pcbpin number="11" name="11" style="c120_h70" originx="125.9842519685" originy="-98.425196850392" rotation="90" />
    <pcbpin number="12" name="12" style="c120_h70" originx="125.9842519685" originy="-177.16535433071" rotation="90" />
    <pcbpin number="13" name="13" style="c120_h70" originx="125.9842519685" originy="-275.5905511811" rotation="90" />
    <pcbpin number="14" name="14" style="c120_h70" originx="185.03937007874" originy="-295.27559055118" rotation="90" />
    <pcbpin number="15" name="15" style="c120_h70" originx="185.03937007874" originy="-216.53543307086" rotation="90" />
    <pcbpin number="16" name="16" style="c120_h70" originx="185.03937007874" originy="-137.79527559055" rotation="90" />
    <pcbpin number="17" name="17" style="c120_h70" originx="185.03937007874" originy="-59.055118110235" rotation="90" />
    <pcbpin number="18" name="18" style="c120_h70" originx="185.03937007874" originy="19.685039370078" rotation="90" />
    <pcbpin number="19" name="19" style="c345_h230" originx="-78.740157480314" originy="120.86614173228" rotation="90" />
    <pcbpin number="20" name="20" style="c345_h230" originx="-78.740157480314" originy="-396.45669291338" rotation="90" />
    <pcbpin number="21" name="21" style="c345_h230" originx="144.88188976378" originy="120.86614173228" rotation="90" />
    <pcbpin number="22" name="22" style="c345_h230" originx="144.88188976378" originy="-396.45669291338" rotation="90" />
    <line layer="TOP_ASSEMBLY" originx="-450.3937007874" originy="169.29133858268" endx="237.00787401575" endy="169.29133858268" width="7.8740157480314" />
    <line layer="TOP_ASSEMBLY" originx="237.00787401575" originy="169.29133858268" endx="237.00787401575" endy="-444.88188976377" width="7.8740157480314" />
    <line layer="TOP_ASSEMBLY" originx="237.00787401575" originy="-444.88188976377" endx="-450.3937007874" endy="-444.88188976377" width="7.8740157480314" />
    <line layer="TOP_ASSEMBLY" originx="-450.3937007874" originy="-444.88188976377" endx="-450.3937007874" endy="169.29133858268" width="7.8740157480314" />
    <line layer="TOP_PLACE_BOUND" originx="-489.76377952755" originy="226.3779527559" endx="276.3779527559" endy="226.3779527559" width="3.9370078740157" />
    <line layer="TOP_PLACE_BOUND" originx="276.3779527559" originy="226.3779527559" endx="276.3779527559" endy="-484.25196850393" width="3.9370078740157" />
    <line layer="TOP_PLACE_BOUND" originx="276.3779527559" originy="-484.25196850393" endx="-489.76377952755" endy="-484.25196850393" width="3.9370078740157" />
    <line layer="TOP_PLACE_BOUND" originx="-489.76377952755" originy="-484.25196850393" endx="-489.76377952755" endy="226.3779527559" width="3.9370078740157" />
    <line layer="TOP_SILKSCREEN" originx="-138.18897637795" originy="169.29133858268" endx="-450.3937007874" endy="169.29133858268" width="3.9370078740157" />
    <line layer="TOP_SILKSCREEN" originx="-450.3937007874" originy="169.29133858268" endx="-450.3937007874" endy="-444.88188976377" width="3.9370078740157" />
    <line layer="TOP_SILKSCREEN" originx="-450.3937007874" originy="-444.88188976377" endx="-138.18897637795" endy="-444.88188976377" width="3.9370078740157" />
    <line layer="TOP_SILKSCREEN" originx="200.3937007874" originy="169.29133858268" endx="237.00787401575" endy="169.29133858268" width="3.9370078740157" />
    <line layer="TOP_SILKSCREEN" originx="237.00787401575" originy="169.29133858268" endx="237.00787401575" endy="-444.88188976377" width="3.9370078740157" />
    <line layer="TOP_SILKSCREEN" originx="237.00787401575" originy="-444.88188976377" endx="200.3937007874" endy="-444.88188976377" width="3.9370078740157" />
    <line layer="TOP_SILKSCREEN" originx="-4.3307086614173" originy="185.03937007874" endx="-4.3307086614173" endy="185.03937007874" width="3.9370078740157" />
    <arc layer="TOP_SILKSCREEN" originx="-2.3622047244094" originy="185.03937007874" startangle="180.0" sweepangle="180.0" radius="1.9685039370078" width="3.9370078740157" />
    <line layer="TOP_SILKSCREEN" originx="-0.39370078740157" originy="185.03937007874" endx="-0.39370078740157" endy="185.03937007874" width="3.9370078740157" />
    <arc layer="TOP_SILKSCREEN" originx="-2.3622047244094" originy="185.03937007874" startangle=".0" sweepangle="180.0" radius="1.9685039370078" width="3.9370078740157" />
  </footprint>
  <symbol name="48406-0003" originx="0" originy="0">
    <line originx="200" originy="100" endx="700" endy="100" width="0" />
    <line originx="700" originy="-1100" endx="700" endy="100" width="0" />
    <line originx="700" originy="-1100" endx="200" endy="-1100" width="0" />
    <line originx="200" originy="100" endx="200" endy="-1100" width="0" />
    <sympin number="1" originx="200" originy="0" rotation="180" length="100" width="7.8740157480315" flipped="False">
      <text name="pinname" originx="230" originy="0" style="Default" rotation="0" justify="left" flipped="False" hidden="False" data="1" />
      <text name="pindes" originx="140" originy="20" style="Default" rotation="0" justify="lowerright" flipped="False" hidden="False" data="1" />
    </sympin>
    <sympin number="2" originx="200" originy="-100" rotation="180" length="100" width="7.8740157480315" flipped="False">
      <text name="pinname" originx="230" originy="-100" style="Default" rotation="0" justify="left" flipped="False" hidden="False" data="2" />
      <text name="pindes" originx="140" originy="-80" style="Default" rotation="0" justify="lowerright" flipped="False" hidden="False" data="2" />
    </sympin>
    <sympin number="3" originx="200" originy="-200" rotation="180" length="100" width="7.8740157480315" flipped="False">
      <text name="pinname" originx="230" originy="-200" style="Default" rotation="0" justify="left" flipped="False" hidden="False" data="3" />
      <text name="pindes" originx="140" originy="-180" style="Default" rotation="0" justify="lowerright" flipped="False" hidden="False" data="3" />
    </sympin>
    <sympin number="4" originx="200" originy="-300" rotation="180" length="100" width="7.8740157480315" flipped="False">
      <text name="pinname" originx="230" originy="-300" style="Default" rotation="0" justify="left" flipped="False" hidden="False" data="4" />
      <text name="pindes" originx="140" originy="-280" style="Default" rotation="0" justify="lowerright" flipped="False" hidden="False" data="4" />
    </sympin>
    <sympin number="5" originx="200" originy="-400" rotation="180" length="100" width="7.8740157480315" flipped="False">
      <text name="pinname" originx="230" originy="-400" style="Default" rotation="0" justify="left" flipped="False" hidden="False" data="5" />
      <text name="pindes" originx="140" originy="-380" style="Default" rotation="0" justify="lowerright" flipped="False" hidden="False" data="5" />
    </sympin>
    <sympin number="6" originx="200" originy="-500" rotation="180" length="100" width="7.8740157480315" flipped="False">
      <text name="pinname" originx="230" originy="-500" style="Default" rotation="0" justify="left" flipped="False" hidden="False" data="6" />
      <text name="pindes" originx="140" originy="-480" style="Default" rotation="0" justify="lowerright" flipped="False" hidden="False" data="6" />
    </sympin>
    <sympin number="7" originx="200" originy="-600" rotation="180" length="100" width="7.8740157480315" flipped="False">
      <text name="pinname" originx="230" originy="-600" style="Default" rotation="0" justify="left" flipped="False" hidden="False" data="7" />
      <text name="pindes" originx="140" originy="-580" style="Default" rotation="0" justify="lowerright" flipped="False" hidden="False" data="7" />
    </sympin>
    <sympin number="8" originx="200" originy="-700" rotation="180" length="100" width="7.8740157480315" flipped="False">
      <text name="pinname" originx="230" originy="-700" style="Default" rotation="0" justify="left" flipped="False" hidden="False" data="8" />
      <text name="pindes" originx="140" originy="-680" style="Default" rotation="0" justify="lowerright" flipped="False" hidden="False" data="8" />
    </sympin>
    <sympin number="9" originx="200" originy="-800" rotation="180" length="100" width="7.8740157480315" flipped="False">
      <text name="pinname" originx="230" originy="-800" style="Default" rotation="0" justify="left" flipped="False" hidden="False" data="9" />
      <text name="pindes" originx="140" originy="-780" style="Default" rotation="0" justify="lowerright" flipped="False" hidden="False" data="9" />
    </sympin>
    <sympin number="10" originx="200" originy="-900" rotation="180" length="100" width="7.8740157480315" flipped="False">
      <text name="pinname" originx="230" originy="-900" style="Default" rotation="0" justify="left" flipped="False" hidden="False" data="10" />
      <text name="pindes" originx="140" originy="-880" style="Default" rotation="0" justify="lowerright" flipped="False" hidden="False" data="10" />
    </sympin>
    <sympin number="11" originx="200" originy="-1000" rotation="180" length="100" width="7.8740157480315" flipped="False">
      <text name="pinname" originx="230" originy="-1000" style="Default" rotation="0" justify="left" flipped="False" hidden="False" data="11" />
      <text name="pindes" originx="140" originy="-980" style="Default" rotation="0" justify="lowerright" flipped="False" hidden="False" data="11" />
    </sympin>
    <sympin number="12" originx="700" originy="0" rotation="0" length="100" width="7.8740157480315" flipped="False">
      <text name="pinname" originx="670" originy="0" style="Default" rotation="0" justify="right" flipped="False" hidden="False" data="12" />
      <text name="pindes" originx="760" originy="20" style="Default" rotation="0" justify="lowerleft" flipped="False" hidden="False" data="12" />
    </sympin>
    <sympin number="13" originx="700" originy="-100" rotation="0" length="100" width="7.8740157480315" flipped="False">
      <text name="pinname" originx="670" originy="-100" style="Default" rotation="0" justify="right" flipped="False" hidden="False" data="13" />
      <text name="pindes" originx="760" originy="-80" style="Default" rotation="0" justify="lowerleft" flipped="False" hidden="False" data="13" />
    </sympin>
    <sympin number="14" originx="700" originy="-200" rotation="0" length="100" width="7.8740157480315" flipped="False">
      <text name="pinname" originx="670" originy="-200" style="Default" rotation="0" justify="right" flipped="False" hidden="False" data="14" />
      <text name="pindes" originx="760" originy="-180" style="Default" rotation="0" justify="lowerleft" flipped="False" hidden="False" data="14" />
    </sympin>
    <sympin number="15" originx="700" originy="-300" rotation="0" length="100" width="7.8740157480315" flipped="False">
      <text name="pinname" originx="670" originy="-300" style="Default" rotation="0" justify="right" flipped="False" hidden="False" data="15" />
      <text name="pindes" originx="760" originy="-280" style="Default" rotation="0" justify="lowerleft" flipped="False" hidden="False" data="15" />
    </sympin>
    <sympin number="16" originx="700" originy="-400" rotation="0" length="100" width="7.8740157480315" flipped="False">
      <text name="pinname" originx="670" originy="-400" style="Default" rotation="0" justify="right" flipped="False" hidden="False" data="16" />
      <text name="pindes" originx="760" originy="-380" style="Default" rotation="0" justify="lowerleft" flipped="False" hidden="False" data="16" />
    </sympin>
    <sympin number="17" originx="700" originy="-500" rotation="0" length="100" width="7.8740157480315" flipped="False">
      <text name="pinname" originx="670" originy="-500" style="Default" rotation="0" justify="right" flipped="False" hidden="False" data="17" />
      <text name="pindes" originx="760" originy="-480" style="Default" rotation="0" justify="lowerleft" flipped="False" hidden="False" data="17" />
    </sympin>
    <sympin number="18" originx="700" originy="-600" rotation="0" length="100" width="7.8740157480315" flipped="False">
      <text name="pinname" originx="670" originy="-600" style="Default" rotation="0" justify="right" flipped="False" hidden="False" data="18" />
      <text name="pindes" originx="760" originy="-580" style="Default" rotation="0" justify="lowerleft" flipped="False" hidden="False" data="18" />
    </sympin>
    <sympin number="19" originx="700" originy="-700" rotation="0" length="100" width="7.8740157480315" flipped="False">
      <text name="pinname" originx="670" originy="-700" style="Default" rotation="0" justify="right" flipped="False" hidden="False" data="19" />
      <text name="pindes" originx="760" originy="-680" style="Default" rotation="0" justify="lowerleft" flipped="False" hidden="False" data="19" />
    </sympin>
    <sympin number="20" originx="700" originy="-800" rotation="0" length="100" width="7.8740157480315" flipped="False">
      <text name="pinname" originx="670" originy="-800" style="Default" rotation="0" justify="right" flipped="False" hidden="False" data="20" />
      <text name="pindes" originx="760" originy="-780" style="Default" rotation="0" justify="lowerleft" flipped="False" hidden="False" data="20" />
    </sympin>
    <sympin number="21" originx="700" originy="-900" rotation="0" length="100" width="7.8740157480315" flipped="False">
      <text name="pinname" originx="670" originy="-900" style="Default" rotation="0" justify="right" flipped="False" hidden="False" data="21" />
      <text name="pindes" originx="760" originy="-880" style="Default" rotation="0" justify="lowerleft" flipped="False" hidden="False" data="21" />
    </sympin>
    <sympin number="22" originx="700" originy="-1000" rotation="0" length="100" width="7.8740157480315" flipped="False">
      <text name="pinname" originx="670" originy="-1000" style="Default" rotation="0" justify="right" flipped="False" hidden="False" data="22" />
      <text name="pindes" originx="760" originy="-980" style="Default" rotation="0" justify="lowerleft" flipped="False" hidden="False" data="22" />
    </sympin>
  </symbol>
  <component name="48406-0003" designatorprefix="J" height="616.14173228346" footprint="484060003">
    <comppin designator="1" sympin="1" pinswap="0" gateswap="0" gate="1" group="1" side="" type="Any" name="1" />
    <comppin designator="2" sympin="2" pinswap="0" gateswap="0" gate="1" group="1" side="" type="Any" name="2" />
    <comppin designator="3" sympin="3" pinswap="0" gateswap="0" gate="1" group="1" side="" type="Any" name="3" />
    <comppin designator="4" sympin="4" pinswap="0" gateswap="0" gate="1" group="1" side="" type="Any" name="4" />
    <comppin designator="5" sympin="5" pinswap="0" gateswap="0" gate="1" group="1" side="" type="Any" name="5" />
    <comppin designator="6" sympin="6" pinswap="0" gateswap="0" gate="1" group="1" side="" type="Any" name="6" />
    <comppin designator="7" sympin="7" pinswap="0" gateswap="0" gate="1" group="1" side="" type="Any" name="7" />
    <comppin designator="8" sympin="8" pinswap="0" gateswap="0" gate="1" group="1" side="" type="Any" name="8" />
    <comppin designator="9" sympin="9" pinswap="0" gateswap="0" gate="1" group="1" side="" type="Any" name="9" />
    <comppin designator="10" sympin="10" pinswap="0" gateswap="0" gate="1" group="1" side="" type="Any" name="10" />
    <comppin designator="11" sympin="11" pinswap="0" gateswap="0" gate="1" group="1" side="" type="Any" name="11" />
    <comppin designator="12" sympin="12" pinswap="0" gateswap="0" gate="1" group="1" side="" type="Any" name="12" />
    <comppin designator="13" sympin="13" pinswap="0" gateswap="0" gate="1" group="1" side="" type="Any" name="13" />
    <comppin designator="14" sympin="14" pinswap="0" gateswap="0" gate="1" group="1" side="" type="Any" name="14" />
    <comppin designator="15" sympin="15" pinswap="0" gateswap="0" gate="1" group="1" side="" type="Any" name="15" />
    <comppin designator="16" sympin="16" pinswap="0" gateswap="0" gate="1" group="1" side="" type="Any" name="16" />
    <comppin designator="17" sympin="17" pinswap="0" gateswap="0" gate="1" group="1" side="" type="Any" name="17" />
    <comppin designator="18" sympin="18" pinswap="0" gateswap="0" gate="1" group="1" side="" type="Any" name="18" />
    <comppin designator="19" sympin="19" pinswap="0" gateswap="0" gate="1" group="1" side="" type="Any" name="19" />
    <comppin designator="20" sympin="20" pinswap="0" gateswap="0" gate="1" group="1" side="" type="Any" name="20" />
    <comppin designator="21" sympin="21" pinswap="0" gateswap="0" gate="1" group="1" side="" type="Any" name="21" />
    <comppin designator="22" sympin="22" pinswap="0" gateswap="0" gate="1" group="1" side="" type="Any" name="22" />
    <attached_symbol gate="1" name="48406-0003" />
    <pinmap designator="1" footprintpin="1" />
    <pinmap designator="2" footprintpin="2" />
    <pinmap designator="3" footprintpin="3" />
    <pinmap designator="4" footprintpin="4" />
    <pinmap designator="5" footprintpin="5" />
    <pinmap designator="6" footprintpin="6" />
    <pinmap designator="7" footprintpin="7" />
    <pinmap designator="8" footprintpin="8" />
    <pinmap designator="9" footprintpin="9" />
    <pinmap designator="10" footprintpin="10" />
    <pinmap designator="11" footprintpin="11" />
    <pinmap designator="12" footprintpin="12" />
    <pinmap designator="13" footprintpin="13" />
    <pinmap designator="14" footprintpin="14" />
    <pinmap designator="15" footprintpin="15" />
    <pinmap designator="16" footprintpin="16" />
    <pinmap designator="17" footprintpin="17" />
    <pinmap designator="18" footprintpin="18" />
    <pinmap designator="19" footprintpin="19" />
    <pinmap designator="20" footprintpin="20" />
    <pinmap designator="21" footprintpin="21" />
    <pinmap designator="22" footprintpin="22" />
    <text name="Datasheet" originx="0" originy="0" style="Default" rotation="0" justify="" flipped="False" hidden="True" data="https://www.molex.com/pdm_docs/sd/484060003_sd.pdf" />
    <text name="Description" originx="0" originy="0" style="Default" rotation="0" justify="" flipped="False" hidden="True" data="USB Connectors USB 3.0 F/A STD RA REC STACKED 15u'" />
    <text name="Mouser Part Number" originx="0" originy="0" style="Default" rotation="0" justify="" flipped="False" hidden="True" data="538-48406-0003" />
    <text name="Mouser Price/Stock" originx="0" originy="0" style="Default" rotation="0" justify="" flipped="False" hidden="True" data="https://www.mouser.co.uk/ProductDetail/Molex/48406-0003?qs=KpdAywxU013TNkt7z6Qq8g%3D%3D" />
    <text name="Manufacturer_Name" originx="0" originy="0" style="Default" rotation="0" justify="" flipped="False" hidden="True" data="Molex" />
    <text name="Manufacturer_Part_Number" originx="750" originy="200" style="Default" rotation="0" justify="left" flipped="False" hidden="False" data="48406-0003" />
  </component>
</quadcept_library>
