<?xml version="1.0" encoding="utf-8"?>
<!--/13200556/1577691/2.50/20/4/Connector/-->
<quadcept_library>
  <setting unit="mil" />
  <textstyle name="Default" height="47.244094488189" strokewidth="7.8740157480315" charwidth="47.244094488189" />
  <textstyle name="Dimension" height="19.6850393700787" strokewidth="0" charwidth="19.6850393700787" />
  <textstyle name="H127W0635TH00762" height="50" strokewidth="3" charwidth="25" />
  <textstyle name="H15W15TH02" height="59.0551181102362" strokewidth="7.8740157480315" charwidth="59.0551181102362" />
  <padstyle name="c140_h90" surface="False" plated="True" isvia="False" nopaste="True" nomask="True" complex="False" holesize="35.433070866141">
    <padshape layer="TOP" shape="round" width="55.11811023622" height="55.11811023622" />
    <padshape layer="TOP_SOLDER_MASK" shape="round" width="62.992125984251" height="62.992125984251" />
    <padshape layer="INNER" shape="round" width="55.11811023622" height="55.11811023622" />
    <padshape layer="BOTTOM" shape="round" width="55.11811023622" height="55.11811023622" />
    <padshape layer="BOTTOM_SOLDER_MASK" shape="round" width="62.992125984251" height="62.992125984251" />
  </padstyle>
  <padstyle name="c153_h102" surface="False" plated="True" isvia="False" nopaste="True" nomask="True" complex="False" holesize="40.15748031496">
    <padshape layer="TOP" shape="round" width="60.23622047244" height="60.23622047244" />
    <padshape layer="TOP_SOLDER_MASK" shape="round" width="68.110236220472" height="68.110236220472" />
    <padshape layer="INNER" shape="round" width="60.23622047244" height="60.23622047244" />
    <padshape layer="BOTTOM" shape="round" width="60.23622047244" height="60.23622047244" />
    <padshape layer="BOTTOM_SOLDER_MASK" shape="round" width="68.110236220472" height="68.110236220472" />
  </padstyle>
  <padstyle name="c255_h170" surface="False" plated="True" isvia="False" nopaste="True" nomask="True" complex="False" holesize="66.929133858267">
    <padshape layer="TOP" shape="round" width="100.3937007874" height="100.3937007874" />
    <padshape layer="TOP_SOLDER_MASK" shape="round" width="108.26771653543" height="108.26771653543" />
    <padshape layer="INNER" shape="round" width="100.3937007874" height="100.3937007874" />
    <padshape layer="BOTTOM" shape="round" width="100.3937007874" height="100.3937007874" />
    <padshape layer="BOTTOM_SOLDER_MASK" shape="round" width="108.26771653543" height="108.26771653543" />
  </padstyle>
  <padstyle name="c160_h320" surface="False" plated="True" isvia="False" nopaste="True" nomask="True" complex="False" holesize="125.9842519685">
    <padshape layer="TOP" shape="round" width="62.992125984251" height="62.992125984251" />
    <padshape layer="TOP_SOLDER_MASK" shape="round" width="70.866141732283" height="70.866141732283" />
    <padshape layer="INNER" shape="round" width="62.992125984251" height="62.992125984251" />
    <padshape layer="BOTTOM" shape="round" width="62.992125984251" height="62.992125984251" />
    <padshape layer="BOTTOM_SOLDER_MASK" shape="round" width="70.866141732283" height="70.866141732283" />
  </padstyle>
  <footprint name="MAGJACKA70112331N126" originx="0" originy="0" pickpointx="0" pickpointy="0">
    <pcbpin number="1" name="1" style="c140_h90" originx="0" originy="0" rotation="90" />
    <pcbpin number="2" name="2" style="c140_h90" originx="49.999999999999" originy="-99.999999999999" rotation="90" />
    <pcbpin number="3" name="3" style="c140_h90" originx="99.999999999999" originy="0" rotation="90" />
    <pcbpin number="4" name="4" style="c140_h90" originx="150" originy="-99.999999999999" rotation="90" />
    <pcbpin number="5" name="5" style="c140_h90" originx="200" originy="0" rotation="90" />
    <pcbpin number="6" name="6" style="c140_h90" originx="250" originy="-99.999999999999" rotation="90" />
    <pcbpin number="7" name="7" style="c140_h90" originx="300" originy="0" rotation="90" />
    <pcbpin number="8" name="8" style="c140_h90" originx="350" originy="-99.999999999999" rotation="90" />
    <pcbpin number="9" name="9" style="c140_h90" originx="400" originy="0" rotation="90" />
    <pcbpin number="10" name="10" style="c140_h90" originx="449.99999999999" originy="-99.999999999999" rotation="90" />
    <pcbpin number="11" name="11" style="c140_h90" originx="0" originy="-199.21259842519" rotation="90" />
    <pcbpin number="12" name="12" style="c140_h90" originx="99.999999999999" originy="-249.21259842519" rotation="90" />
    <pcbpin number="13" name="13" style="c140_h90" originx="350" originy="-249.21259842519" rotation="90" />
    <pcbpin number="14" name="14" style="c140_h90" originx="449.99999999999" originy="-199.21259842519" rotation="90" />
    <pcbpin number="15" name="15" style="c153_h102" originx="-36.023622047244" originy="-509.84251968503" rotation="90" />
    <pcbpin number="16" name="16" style="c153_h102" originx="63.976377952755" originy="-509.84251968503" rotation="90" />
    <pcbpin number="17" name="17" style="c153_h102" originx="386.02362204724" originy="-509.84251968503" rotation="90" />
    <pcbpin number="18" name="18" style="c153_h102" originx="486.02362204724" originy="-509.84251968503" rotation="90" />
    <pcbpin number="19" name="MH1" style="c255_h170" originx="-85.039370078739" originy="-229.92125984252" rotation="90" />
    <pcbpin number="20" name="MH2" style="c255_h170" originx="535.03937007873" originy="-229.92125984252" rotation="90" />
    <pcbpin number="21" name="MH3" style="c160_h320" originx="0" originy="-350" rotation="90" />
    <pcbpin number="22" name="MH4" style="c160_h320" originx="449.99999999999" originy="-350" rotation="90" />
    <line layer="TOP_ASSEMBLY" originx="-88.582677165353" originy="-775.19685039369" endx="538.58267716535" endy="-775.19685039369" width="7.8740157480314" />
    <line layer="TOP_ASSEMBLY" originx="538.58267716535" originy="-775.19685039369" endx="538.58267716535" endy="61.417322834645" width="7.8740157480314" />
    <line layer="TOP_ASSEMBLY" originx="538.58267716535" originy="61.417322834645" endx="-88.582677165353" endy="61.417322834645" width="7.8740157480314" />
    <line layer="TOP_ASSEMBLY" originx="-88.582677165353" originy="61.417322834645" endx="-88.582677165353" endy="-775.19685039369" width="7.8740157480314" />
    <line layer="TOP_SILKSCREEN" originx="-88.582677165353" originy="-305.11811023622" endx="-88.582677165353" endy="-305.11811023622" width="3.9370078740157" />
    <line layer="TOP_SILKSCREEN" originx="-88.582677165353" originy="-305.11811023622" endx="-88.582677165353" endy="-777.5590551181" width="3.9370078740157" />
    <line layer="TOP_SILKSCREEN" originx="-88.582677165353" originy="-777.5590551181" endx="-88.582677165353" endy="-777.5590551181" width="3.9370078740157" />
    <line layer="TOP_SILKSCREEN" originx="-88.582677165353" originy="-777.5590551181" endx="-88.582677165353" endy="-305.11811023622" width="3.9370078740157" />
    <line layer="TOP_SILKSCREEN" originx="-88.582677165353" originy="-775.19685039369" endx="538.58267716535" endy="-775.19685039369" width="3.9370078740157" />
    <line layer="TOP_SILKSCREEN" originx="538.58267716535" originy="-775.19685039369" endx="538.58267716535" endy="-775.19685039369" width="3.9370078740157" />
    <line layer="TOP_SILKSCREEN" originx="538.58267716535" originy="-775.19685039369" endx="-88.582677165353" endy="-775.19685039369" width="3.9370078740157" />
    <line layer="TOP_SILKSCREEN" originx="-88.582677165353" originy="-775.19685039369" endx="-88.582677165353" endy="-775.19685039369" width="3.9370078740157" />
    <line layer="TOP_SILKSCREEN" originx="538.58267716535" originy="-775.19685039369" endx="538.58267716535" endy="-775.19685039369" width="3.9370078740157" />
    <line layer="TOP_SILKSCREEN" originx="538.58267716535" originy="-775.19685039369" endx="538.58267716535" endy="-305.11811023622" width="3.9370078740157" />
    <line layer="TOP_SILKSCREEN" originx="538.58267716535" originy="-305.11811023622" endx="538.58267716535" endy="-305.11811023622" width="3.9370078740157" />
    <line layer="TOP_SILKSCREEN" originx="538.58267716535" originy="-305.11811023622" endx="538.58267716535" endy="-775.19685039369" width="3.9370078740157" />
    <line layer="TOP_SILKSCREEN" originx="538.58267716535" originy="-157.48031496063" endx="538.58267716535" endy="-157.48031496063" width="3.9370078740157" />
    <line layer="TOP_SILKSCREEN" originx="538.58267716535" originy="-157.48031496063" endx="538.58267716535" endy="61.417322834645" width="3.9370078740157" />
    <line layer="TOP_SILKSCREEN" originx="538.58267716535" originy="61.417322834645" endx="538.58267716535" endy="61.417322834645" width="3.9370078740157" />
    <line layer="TOP_SILKSCREEN" originx="538.58267716535" originy="61.417322834645" endx="538.58267716535" endy="-157.48031496063" width="3.9370078740157" />
    <line layer="TOP_SILKSCREEN" originx="538.58267716535" originy="61.417322834645" endx="-88.582677165353" endy="61.417322834645" width="3.9370078740157" />
    <line layer="TOP_SILKSCREEN" originx="-88.582677165353" originy="61.417322834645" endx="-88.582677165353" endy="61.417322834645" width="3.9370078740157" />
    <line layer="TOP_SILKSCREEN" originx="-88.582677165353" originy="61.417322834645" endx="538.58267716535" endy="61.417322834645" width="3.9370078740157" />
    <line layer="TOP_SILKSCREEN" originx="538.58267716535" originy="61.417322834645" endx="538.58267716535" endy="61.417322834645" width="3.9370078740157" />
    <line layer="TOP_SILKSCREEN" originx="-88.582677165353" originy="61.417322834645" endx="-88.582677165353" endy="61.417322834645" width="3.9370078740157" />
    <line layer="TOP_SILKSCREEN" originx="-88.582677165353" originy="61.417322834645" endx="-88.582677165353" endy="-157.48031496063" width="3.9370078740157" />
    <line layer="TOP_SILKSCREEN" originx="-88.582677165353" originy="-157.48031496063" endx="-88.582677165353" endy="-157.48031496063" width="3.9370078740157" />
    <line layer="TOP_SILKSCREEN" originx="-88.582677165353" originy="-157.48031496063" endx="-88.582677165353" endy="61.417322834645" width="3.9370078740157" />
    <line layer="TOP_PLACE_BOUND" originx="-174.6062992126" originy="100.7874015748" endx="624.60629921259" endy="100.7874015748" width="3.9370078740157" />
    <line layer="TOP_PLACE_BOUND" originx="624.60629921259" originy="100.7874015748" endx="624.60629921259" endy="-816.92913385826" width="3.9370078740157" />
    <line layer="TOP_PLACE_BOUND" originx="624.60629921259" originy="-816.92913385826" endx="-174.6062992126" endy="-816.92913385826" width="3.9370078740157" />
    <line layer="TOP_PLACE_BOUND" originx="-174.6062992126" originy="-816.92913385826" endx="-174.6062992126" endy="100.7874015748" width="3.9370078740157" />
    <line layer="TOP_SILKSCREEN" originx="-118.11023622047" originy="0" endx="-118.11023622047" endy="0" width="7.8740157480314" />
    <arc layer="TOP_SILKSCREEN" originx="-116.14173228346" originy="0" startangle="180.0" sweepangle="180.0" radius="1.9685039370079" width="7.8740157480314" />
    <line layer="TOP_SILKSCREEN" originx="-114.17322834646" originy="0" endx="-114.17322834646" endy="0" width="7.8740157480314" />
    <arc layer="TOP_SILKSCREEN" originx="-116.14173228346" originy="0" startangle=".0" sweepangle="180.0" radius="1.9685039370079" width="7.8740157480314" />
    <line layer="TOP_SILKSCREEN" originx="-118.11023622047" originy="0" endx="-118.11023622047" endy="0" width="7.8740157480314" />
    <arc layer="TOP_SILKSCREEN" originx="-116.14173228346" originy="0" startangle="180.0" sweepangle="180.0" radius="1.9685039370079" width="7.8740157480314" />
  </footprint>
  <symbol name="MAGJACK-A70-112-331N126" originx="0" originy="0">
    <line originx="200" originy="100" endx="1200" endy="100" width="0" />
    <line originx="1200" originy="-1000" endx="1200" endy="100" width="0" />
    <line originx="1200" originy="-1000" endx="200" endy="-1000" width="0" />
    <line originx="200" originy="100" endx="200" endy="-1000" width="0" />
    <sympin number="1" originx="200" originy="0" rotation="180" length="100" width="7.8740157480315" flipped="False">
      <text name="pinname" originx="230" originy="0" style="Default" rotation="0" justify="left" flipped="False" hidden="False" data="TD1+" />
      <text name="pindes" originx="140" originy="20" style="Default" rotation="0" justify="lowerright" flipped="False" hidden="False" data="1" />
    </sympin>
    <sympin number="2" originx="200" originy="-100" rotation="180" length="100" width="7.8740157480315" flipped="False">
      <text name="pinname" originx="230" originy="-100" style="Default" rotation="0" justify="left" flipped="False" hidden="False" data="TD1-" />
      <text name="pindes" originx="140" originy="-80" style="Default" rotation="0" justify="lowerright" flipped="False" hidden="False" data="2" />
    </sympin>
    <sympin number="3" originx="200" originy="-200" rotation="180" length="100" width="7.8740157480315" flipped="False">
      <text name="pinname" originx="230" originy="-200" style="Default" rotation="0" justify="left" flipped="False" hidden="False" data="TD2+" />
      <text name="pindes" originx="140" originy="-180" style="Default" rotation="0" justify="lowerright" flipped="False" hidden="False" data="3" />
    </sympin>
    <sympin number="4" originx="200" originy="-300" rotation="180" length="100" width="7.8740157480315" flipped="False">
      <text name="pinname" originx="230" originy="-300" style="Default" rotation="0" justify="left" flipped="False" hidden="False" data="TD2-_1" />
      <text name="pindes" originx="140" originy="-280" style="Default" rotation="0" justify="lowerright" flipped="False" hidden="False" data="4" />
    </sympin>
    <sympin number="5" originx="200" originy="-400" rotation="180" length="100" width="7.8740157480315" flipped="False">
      <text name="pinname" originx="230" originy="-400" style="Default" rotation="0" justify="left" flipped="False" hidden="False" data="TD2-_2" />
      <text name="pindes" originx="140" originy="-380" style="Default" rotation="0" justify="lowerright" flipped="False" hidden="False" data="5" />
    </sympin>
    <sympin number="6" originx="200" originy="-500" rotation="180" length="100" width="7.8740157480315" flipped="False">
      <text name="pinname" originx="230" originy="-500" style="Default" rotation="0" justify="left" flipped="False" hidden="False" data="TD2-_3" />
      <text name="pindes" originx="140" originy="-480" style="Default" rotation="0" justify="lowerright" flipped="False" hidden="False" data="6" />
    </sympin>
    <sympin number="7" originx="200" originy="-600" rotation="180" length="100" width="7.8740157480315" flipped="False">
      <text name="pinname" originx="230" originy="-600" style="Default" rotation="0" justify="left" flipped="False" hidden="False" data="TD3+" />
      <text name="pindes" originx="140" originy="-580" style="Default" rotation="0" justify="lowerright" flipped="False" hidden="False" data="7" />
    </sympin>
    <sympin number="8" originx="200" originy="-700" rotation="180" length="100" width="7.8740157480315" flipped="False">
      <text name="pinname" originx="230" originy="-700" style="Default" rotation="0" justify="left" flipped="False" hidden="False" data="TD3-" />
      <text name="pindes" originx="140" originy="-680" style="Default" rotation="0" justify="lowerright" flipped="False" hidden="False" data="8" />
    </sympin>
    <sympin number="9" originx="200" originy="-800" rotation="180" length="100" width="7.8740157480315" flipped="False">
      <text name="pinname" originx="230" originy="-800" style="Default" rotation="0" justify="left" flipped="False" hidden="False" data="TD4+" />
      <text name="pindes" originx="140" originy="-780" style="Default" rotation="0" justify="lowerright" flipped="False" hidden="False" data="9" />
    </sympin>
    <sympin number="10" originx="200" originy="-900" rotation="180" length="100" width="7.8740157480315" flipped="False">
      <text name="pinname" originx="230" originy="-900" style="Default" rotation="0" justify="left" flipped="False" hidden="False" data="TD4-" />
      <text name="pindes" originx="140" originy="-880" style="Default" rotation="0" justify="lowerright" flipped="False" hidden="False" data="10" />
    </sympin>
    <sympin number="11" originx="1200" originy="0" rotation="0" length="100" width="7.8740157480315" flipped="False">
      <text name="pinname" originx="1170" originy="0" style="Default" rotation="0" justify="right" flipped="False" hidden="False" data="VC1" />
      <text name="pindes" originx="1260" originy="20" style="Default" rotation="0" justify="lowerleft" flipped="False" hidden="False" data="11" />
    </sympin>
    <sympin number="12" originx="1200" originy="-100" rotation="0" length="100" width="7.8740157480315" flipped="False">
      <text name="pinname" originx="1170" originy="-100" style="Default" rotation="0" justify="right" flipped="False" hidden="False" data="VC2" />
      <text name="pindes" originx="1260" originy="-80" style="Default" rotation="0" justify="lowerleft" flipped="False" hidden="False" data="12" />
    </sympin>
    <sympin number="13" originx="1200" originy="-200" rotation="0" length="100" width="7.8740157480315" flipped="False">
      <text name="pinname" originx="1170" originy="-200" style="Default" rotation="0" justify="right" flipped="False" hidden="False" data="VC3" />
      <text name="pindes" originx="1260" originy="-180" style="Default" rotation="0" justify="lowerleft" flipped="False" hidden="False" data="13" />
    </sympin>
    <sympin number="14" originx="1200" originy="-300" rotation="0" length="100" width="7.8740157480315" flipped="False">
      <text name="pinname" originx="1170" originy="-300" style="Default" rotation="0" justify="right" flipped="False" hidden="False" data="VC4" />
      <text name="pindes" originx="1260" originy="-280" style="Default" rotation="0" justify="lowerleft" flipped="False" hidden="False" data="14" />
    </sympin>
    <sympin number="15" originx="1200" originy="-400" rotation="0" length="100" width="7.8740157480315" flipped="False">
      <text name="pinname" originx="1170" originy="-400" style="Default" rotation="0" justify="right" flipped="False" hidden="False" data="GREEN_A" />
      <text name="pindes" originx="1260" originy="-380" style="Default" rotation="0" justify="lowerleft" flipped="False" hidden="False" data="15" />
    </sympin>
    <sympin number="16" originx="1200" originy="-500" rotation="0" length="100" width="7.8740157480315" flipped="False">
      <text name="pinname" originx="1170" originy="-500" style="Default" rotation="0" justify="right" flipped="False" hidden="False" data="GREEN_K" />
      <text name="pindes" originx="1260" originy="-480" style="Default" rotation="0" justify="lowerleft" flipped="False" hidden="False" data="16" />
    </sympin>
    <sympin number="17" originx="1200" originy="-600" rotation="0" length="100" width="7.8740157480315" flipped="False">
      <text name="pinname" originx="1170" originy="-600" style="Default" rotation="0" justify="right" flipped="False" hidden="False" data="YELLOW_A" />
      <text name="pindes" originx="1260" originy="-580" style="Default" rotation="0" justify="lowerleft" flipped="False" hidden="False" data="17" />
    </sympin>
    <sympin number="18" originx="1200" originy="-700" rotation="0" length="100" width="7.8740157480315" flipped="False">
      <text name="pinname" originx="1170" originy="-700" style="Default" rotation="0" justify="right" flipped="False" hidden="False" data="YELLOW_K" />
      <text name="pindes" originx="1260" originy="-680" style="Default" rotation="0" justify="lowerleft" flipped="False" hidden="False" data="18" />
    </sympin>
    <sympin number="19" originx="1200" originy="-800" rotation="0" length="100" width="7.8740157480315" flipped="False">
      <text name="pinname" originx="1170" originy="-800" style="Default" rotation="0" justify="right" flipped="False" hidden="False" data="MH1" />
      <text name="pindes" originx="1260" originy="-780" style="Default" rotation="0" justify="lowerleft" flipped="False" hidden="False" data="MH1" />
    </sympin>
    <sympin number="20" originx="1200" originy="-900" rotation="0" length="100" width="7.8740157480315" flipped="False">
      <text name="pinname" originx="1170" originy="-900" style="Default" rotation="0" justify="right" flipped="False" hidden="False" data="MH2" />
      <text name="pindes" originx="1260" originy="-880" style="Default" rotation="0" justify="lowerleft" flipped="False" hidden="False" data="MH2" />
    </sympin>
  </symbol>
  <component name="MAGJACK-A70-112-331N126" designatorprefix="J" height="523.62204724409" footprint="MAGJACKA70112331N126">
    <comppin designator="1" sympin="1" pinswap="0" gateswap="0" gate="1" group="1" side="" type="Any" name="TD1+" />
    <comppin designator="2" sympin="2" pinswap="0" gateswap="0" gate="1" group="1" side="" type="Any" name="TD1-" />
    <comppin designator="3" sympin="3" pinswap="0" gateswap="0" gate="1" group="1" side="" type="Any" name="TD2+" />
    <comppin designator="4" sympin="4" pinswap="0" gateswap="0" gate="1" group="1" side="" type="Any" name="TD2-_1" />
    <comppin designator="5" sympin="5" pinswap="0" gateswap="0" gate="1" group="1" side="" type="Any" name="TD2-_2" />
    <comppin designator="6" sympin="6" pinswap="0" gateswap="0" gate="1" group="1" side="" type="Any" name="TD2-_3" />
    <comppin designator="7" sympin="7" pinswap="0" gateswap="0" gate="1" group="1" side="" type="Any" name="TD3+" />
    <comppin designator="8" sympin="8" pinswap="0" gateswap="0" gate="1" group="1" side="" type="Any" name="TD3-" />
    <comppin designator="9" sympin="9" pinswap="0" gateswap="0" gate="1" group="1" side="" type="Any" name="TD4+" />
    <comppin designator="10" sympin="10" pinswap="0" gateswap="0" gate="1" group="1" side="" type="Any" name="TD4-" />
    <comppin designator="11" sympin="11" pinswap="0" gateswap="0" gate="1" group="1" side="" type="Any" name="VC1" />
    <comppin designator="12" sympin="12" pinswap="0" gateswap="0" gate="1" group="1" side="" type="Any" name="VC2" />
    <comppin designator="13" sympin="13" pinswap="0" gateswap="0" gate="1" group="1" side="" type="Any" name="VC3" />
    <comppin designator="14" sympin="14" pinswap="0" gateswap="0" gate="1" group="1" side="" type="Any" name="VC4" />
    <comppin designator="15" sympin="15" pinswap="0" gateswap="0" gate="1" group="1" side="" type="Any" name="GREEN_A" />
    <comppin designator="16" sympin="16" pinswap="0" gateswap="0" gate="1" group="1" side="" type="Any" name="GREEN_K" />
    <comppin designator="17" sympin="17" pinswap="0" gateswap="0" gate="1" group="1" side="" type="Any" name="YELLOW_A" />
    <comppin designator="18" sympin="18" pinswap="0" gateswap="0" gate="1" group="1" side="" type="Any" name="YELLOW_K" />
    <comppin designator="MH1" sympin="19" pinswap="0" gateswap="0" gate="1" group="1" side="" type="Any" name="MH1" />
    <comppin designator="MH2" sympin="20" pinswap="0" gateswap="0" gate="1" group="1" side="" type="Any" name="MH2" />
    <attached_symbol gate="1" name="MAGJACK-A70-112-331N126" />
    <pinmap designator="1" footprintpin="1" />
    <pinmap designator="2" footprintpin="2" />
    <pinmap designator="3" footprintpin="3" />
    <pinmap designator="4" footprintpin="4" />
    <pinmap designator="5" footprintpin="5" />
    <pinmap designator="6" footprintpin="6" />
    <pinmap designator="7" footprintpin="7" />
    <pinmap designator="8" footprintpin="8" />
    <pinmap designator="9" footprintpin="9" />
    <pinmap designator="10" footprintpin="10" />
    <pinmap designator="11" footprintpin="11" />
    <pinmap designator="12" footprintpin="12" />
    <pinmap designator="13" footprintpin="13" />
    <pinmap designator="14" footprintpin="14" />
    <pinmap designator="15" footprintpin="15" />
    <pinmap designator="16" footprintpin="16" />
    <pinmap designator="17" footprintpin="17" />
    <pinmap designator="18" footprintpin="18" />
    <pinmap designator="MH1" footprintpin="19" />
    <pinmap designator="MH2" footprintpin="20" />
    <text name="Datasheet" originx="0" originy="0" style="Default" rotation="0" justify="" flipped="False" hidden="True" data="http://www.link-pp.com/upload/file/20180411/20180411182938293829.pdf" />
    <text name="Description" originx="0" originy="0" style="Default" rotation="0" justify="" flipped="False" hidden="True" data="1 Port RJ45 Magjack Connector Through Hole 10/100 Base-T, AutoMDIX" />
    <text name="Manufacturer_Name" originx="0" originy="0" style="Default" rotation="0" justify="" flipped="False" hidden="True" data="Bel Magnetic Solutions" />
    <text name="Manufacturer_Part_Number" originx="1250" originy="200" style="Default" rotation="0" justify="left" flipped="False" hidden="False" data="MAGJACK-A70-112-331N126" />
    <text name="Mouser Part Number" originx="0" originy="0" style="Default" rotation="0" justify="" flipped="False" hidden="True" data="" />
    <text name="Mouser Price/Stock" originx="0" originy="0" style="Default" rotation="0" justify="" flipped="False" hidden="True" data="" />
    <text name="Arrow Part Number" originx="0" originy="0" style="Default" rotation="0" justify="" flipped="False" hidden="True" data="" />
    <text name="Arrow Price/Stock" originx="0" originy="0" style="Default" rotation="0" justify="" flipped="False" hidden="True" data="" />
  </component>
</quadcept_library>
