<?xml version="1.0" encoding="utf-8"?>
<!--/739369/1577691/2.50/2/4/Inductor/-->
<quadcept_library>
  <setting unit="mil" />
  <textstyle name="Default" height="47.244094488189" strokewidth="7.8740157480315" charwidth="47.244094488189" />
  <textstyle name="Dimension" height="19.6850393700787" strokewidth="0" charwidth="19.6850393700787" />
  <textstyle name="H127W0635TH00762" height="50" strokewidth="3" charwidth="25" />
  <textstyle name="H15W15TH02" height="59.0551181102362" strokewidth="7.8740157480315" charwidth="59.0551181102362" />
  <padstyle name="r510_235" surface="True" plated="False" isvia="False" nopaste="False" nomask="True" complex="False" holesize="0">
    <padshape layer="TOP" shape="rectangle" width="92.519685039369" height="200.7874015748" />
    <padshape layer="TOP_SOLDER_MASK" shape="rectangle" width="100.3937007874" height="208.66141732283" />
    <padshape layer="TOP_SOLDER_PASTE" shape="rectangle" width="92.519685039369" height="200.7874015748" />
  </padstyle>
  <footprint name="SRN6045TA330M" originx="0" originy="0" pickpointx="0" pickpointy="0">
    <pcbpin number="1" name="1" style="r510_235" originx="0" originy="-81.692913385826" rotation="90" />
    <pcbpin number="2" name="2" style="r510_235" originx="0" originy="81.692913385826" rotation="90" />
    <line layer="TOP_ASSEMBLY" originx="-118.11023622047" originy="118.11023622047" endx="118.11023622047" endy="118.11023622047" width="7.8740157480314" />
    <line layer="TOP_ASSEMBLY" originx="118.11023622047" originy="118.11023622047" endx="118.11023622047" endy="-118.11023622047" width="7.8740157480314" />
    <line layer="TOP_ASSEMBLY" originx="118.11023622047" originy="-118.11023622047" endx="-118.11023622047" endy="-118.11023622047" width="7.8740157480314" />
    <line layer="TOP_ASSEMBLY" originx="-118.11023622047" originy="-118.11023622047" endx="-118.11023622047" endy="118.11023622047" width="7.8740157480314" />
    <line layer="TOP_PLACE_BOUND" originx="-157.48031496063" originy="167.32283464567" endx="157.48031496063" endy="167.32283464567" width="3.9370078740157" />
    <line layer="TOP_PLACE_BOUND" originx="157.48031496063" originy="167.32283464567" endx="157.48031496063" endy="-167.32283464567" width="3.9370078740157" />
    <line layer="TOP_PLACE_BOUND" originx="157.48031496063" originy="-167.32283464567" endx="-157.48031496063" endy="-167.32283464567" width="3.9370078740157" />
    <line layer="TOP_PLACE_BOUND" originx="-157.48031496063" originy="-167.32283464567" endx="-157.48031496063" endy="167.32283464567" width="3.9370078740157" />
    <line layer="TOP_SILKSCREEN" originx="118.11023622047" originy="118.11023622047" endx="118.11023622047" endy="-118.11023622047" width="3.9370078740157" />
    <line layer="TOP_SILKSCREEN" originx="-118.11023622047" originy="118.11023622047" endx="-118.11023622047" endy="-118.11023622047" width="3.9370078740157" />
  </footprint>
  <symbol name="SRN6045TA-3R3Y" originx="0" originy="0">
    <arc originx="250" originy="-2" startangle="177.7" sweepangle="-175.4" radius="50" width="0" />
    <arc originx="350" originy="-2" startangle="177.7" sweepangle="-175.4" radius="50" width="0" />
    <arc originx="450" originy="-2" startangle="177.7" sweepangle="-175.4" radius="50" width="0" />
    <arc originx="550" originy="-2" startangle="177.7" sweepangle="-175.4" radius="50" width="0" />
    <sympin number="1" originx="200" originy="0" rotation="180" length="100" width="7.8740157480315" flipped="False">
      <text name="pinname" originx="0" originy="-10" style="Default" rotation="0" justify="upperleft" flipped="False" hidden="True" data="1" />
      <text name="pindes" originx="0" originy="10" style="Default" rotation="0" justify="lowerleft" flipped="False" hidden="False" data="1" />
    </sympin>
    <sympin number="2" originx="600" originy="0" rotation="0" length="100" width="7.8740157480315" flipped="False">
      <text name="pinname" originx="800" originy="-10" style="Default" rotation="0" justify="upperright" flipped="False" hidden="True" data="2" />
      <text name="pindes" originx="800" originy="10" style="Default" rotation="0" justify="lowerright" flipped="False" hidden="False" data="2" />
    </sympin>
  </symbol>
  <component name="SRN6045TA-3R3Y" designatorprefix="L" height="177.16535433071" footprint="SRN6045TA330M">
    <comppin designator="1" sympin="1" pinswap="0" gateswap="0" gate="1" group="1" side="" type="Any" name="1" />
    <comppin designator="2" sympin="2" pinswap="0" gateswap="0" gate="1" group="1" side="" type="Any" name="2" />
    <attached_symbol gate="1" name="SRN6045TA-3R3Y" />
    <pinmap designator="1" footprintpin="1" />
    <pinmap designator="2" footprintpin="2" />
    <text name="Datasheet" originx="0" originy="0" style="Default" rotation="0" justify="" flipped="False" hidden="True" data="http://www.bourns.com/docs/Product-Datasheets/SRN6045TA.pdf" />
    <text name="Description" originx="0" originy="0" style="Default" rotation="0" justify="" flipped="False" hidden="True" data="BOURNS - SRN6045TA-3R3Y - INDUCTOR, AEC-Q200, 3.3UH, 5A, 30% Semi-shielded Power Inductors" />
    <text name="Manufacturer_Name" originx="0" originy="0" style="Default" rotation="0" justify="" flipped="False" hidden="True" data="Bourns" />
    <text name="Manufacturer_Part_Number" originx="650" originy="150" style="Default" rotation="0" justify="left" flipped="False" hidden="False" data="SRN6045TA-3R3Y" />
    <text name="Mouser Part Number" originx="0" originy="0" style="Default" rotation="0" justify="" flipped="False" hidden="True" data="652-SRN6045TA-3R3Y" />
    <text name="Mouser Price/Stock" originx="0" originy="0" style="Default" rotation="0" justify="" flipped="False" hidden="True" data="https://www.mouser.co.uk/ProductDetail/Bourns/SRN6045TA-3R3Y?qs=Vt59ZOdFuWZ4MyJAxNBCDg%3D%3D" />
    <text name="Arrow Part Number" originx="0" originy="0" style="Default" rotation="0" justify="" flipped="False" hidden="True" data="SRN6045TA-3R3Y" />
    <text name="Arrow Price/Stock" originx="0" originy="0" style="Default" rotation="0" justify="" flipped="False" hidden="True" data="https://www.arrow.com/en/products/srn6045ta-3r3y/bourns?utm_currency=USD&region=europe" />
  </component>
</quadcept_library>
