<?xml version="1.0" encoding="utf-8"?>
<!--/11612780/1577691/2.50/9/2/Integrated Circuit/-->
<quadcept_library>
  <setting unit="mil" />
  <textstyle name="Default" height="47.244094488189" strokewidth="7.8740157480315" charwidth="47.244094488189" />
  <textstyle name="Dimension" height="19.6850393700787" strokewidth="0" charwidth="19.6850393700787" />
  <textstyle name="H127W0635TH00762" height="50" strokewidth="3" charwidth="25" />
  <textstyle name="H15W15TH02" height="59.0551181102362" strokewidth="7.8740157480315" charwidth="59.0551181102362" />
  <padstyle name="r70_42" surface="True" plated="False" isvia="False" nopaste="False" nomask="True" complex="False" holesize="0">
    <padshape layer="TOP" shape="rectangle" width="16.535433070866" height="27.55905511811" />
    <padshape layer="TOP_SOLDER_MASK" shape="rectangle" width="24.409448818897" height="35.433070866141" />
    <padshape layer="TOP_SOLDER_PASTE" shape="rectangle" width="16.535433070866" height="27.55905511811" />
  </padstyle>
  <padstyle name="r54_42" surface="True" plated="False" isvia="False" nopaste="False" nomask="True" complex="False" holesize="0">
    <padshape layer="TOP" shape="rectangle" width="16.535433070866" height="21.259842519685" />
    <padshape layer="TOP_SOLDER_MASK" shape="rectangle" width="24.409448818897" height="29.133858267716" />
    <padshape layer="TOP_SOLDER_PASTE" shape="rectangle" width="16.535433070866" height="21.259842519685" />
  </padstyle>
  <padstyle name="r237_171" surface="True" plated="False" isvia="False" nopaste="False" nomask="True" complex="False" holesize="0">
    <padshape layer="TOP" shape="rectangle" width="67.322834645668" height="93.307086614172" />
    <padshape layer="TOP_SOLDER_MASK" shape="rectangle" width="75.1968503937" height="101.1811023622" />
    <padshape layer="TOP_SOLDER_PASTE" shape="rectangle" width="67.322834645668" height="93.307086614172" />
  </padstyle>
  <footprint name="DMP3036SFV7" originx="0" originy="0" pickpointx="0" pickpointy="0">
    <pcbpin number="1" name="1" style="r70_42" originx="-38.385826771653" originy="-59.055118110235" rotation="0" />
    <pcbpin number="2" name="2" style="r70_42" originx="-12.795275590551" originy="-59.055118110235" rotation="0" />
    <pcbpin number="3" name="3" style="r70_42" originx="12.795275590551" originy="-59.055118110235" rotation="0" />
    <pcbpin number="4" name="4" style="r70_42" originx="38.385826771653" originy="-59.055118110235" rotation="0" />
    <pcbpin number="5" name="5" style="r54_42" originx="38.385826771653" originy="62.204724409448" rotation="0" />
    <pcbpin number="6" name="6" style="r54_42" originx="12.795275590551" originy="62.204724409448" rotation="0" />
    <pcbpin number="7" name="7" style="r54_42" originx="-12.795275590551" originy="62.204724409448" rotation="0" />
    <pcbpin number="8" name="8" style="r54_42" originx="-38.385826771653" originy="62.204724409448" rotation="0" />
    <pcbpin number="9" name="9" style="r237_171" originx="0" originy="17.913385826771" rotation="90" />
    <line layer="TOP_ASSEMBLY" originx="-60.039370078739" originy="60.039370078739" endx="60.039370078739" endy="60.039370078739" width="3.9370078740157" />
    <line layer="TOP_ASSEMBLY" originx="60.039370078739" originy="60.039370078739" endx="60.039370078739" endy="-60.039370078739" width="3.9370078740157" />
    <line layer="TOP_ASSEMBLY" originx="60.039370078739" originy="-60.039370078739" endx="-60.039370078739" endy="-60.039370078739" width="3.9370078740157" />
    <line layer="TOP_ASSEMBLY" originx="-60.039370078739" originy="-60.039370078739" endx="-60.039370078739" endy="60.039370078739" width="3.9370078740157" />
    <line layer="TOP_PLACE_BOUND" originx="-99.409448818896" originy="112.20472440945" endx="99.409448818896" endy="112.20472440945" width="3.9370078740157" />
    <line layer="TOP_PLACE_BOUND" originx="99.409448818896" originy="112.20472440945" endx="99.409448818896" endy="-112.20472440945" width="3.9370078740157" />
    <line layer="TOP_PLACE_BOUND" originx="99.409448818896" originy="-112.20472440945" endx="-99.409448818896" endy="-112.20472440945" width="3.9370078740157" />
    <line layer="TOP_PLACE_BOUND" originx="-99.409448818896" originy="-112.20472440945" endx="-99.409448818896" endy="112.20472440945" width="3.9370078740157" />
    <line layer="TOP_SILKSCREEN" originx="-60.039370078739" originy="-60.039370078739" endx="-60.039370078739" endy="60.039370078739" width="7.8740157480314" />
    <line layer="TOP_SILKSCREEN" originx="60.039370078739" originy="-60.039370078739" endx="60.039370078739" endy="60.039370078739" width="7.8740157480314" />
    <line layer="TOP_SILKSCREEN" originx="-38.385826771653" originy="-86.614173228345" endx="-38.385826771653" endy="-86.614173228345" width="3.9370078740157" />
    <arc layer="TOP_SILKSCREEN" originx="-38.385826771653" originy="-88.582677165353" startangle="90.0" sweepangle="180.0" radius="1.9685039370078" width="3.9370078740157" />
    <line layer="TOP_SILKSCREEN" originx="-38.385826771653" originy="-90.551181102361" endx="-38.385826771653" endy="-90.551181102361" width="3.9370078740157" />
    <arc layer="TOP_SILKSCREEN" originx="-38.385826771653" originy="-88.582677165353" startangle="-90.0" sweepangle="180.0" radius="1.9685039370078" width="3.9370078740157" />
  </footprint>
  <symbol name="DMP3013SFV-7" originx="0" originy="0">
    <line originx="200" originy="100" endx="800" endy="100" width="0" />
    <line originx="800" originy="-500" endx="800" endy="100" width="0" />
    <line originx="800" originy="-500" endx="200" endy="-500" width="0" />
    <line originx="200" originy="100" endx="200" endy="-500" width="0" />
    <sympin number="1" originx="200" originy="0" rotation="180" length="100" width="7.8740157480315" flipped="False">
      <text name="pinname" originx="230" originy="0" style="Default" rotation="0" justify="left" flipped="False" hidden="False" data="S_1" />
      <text name="pindes" originx="140" originy="20" style="Default" rotation="0" justify="lowerright" flipped="False" hidden="False" data="1" />
    </sympin>
    <sympin number="2" originx="200" originy="-100" rotation="180" length="100" width="7.8740157480315" flipped="False">
      <text name="pinname" originx="230" originy="-100" style="Default" rotation="0" justify="left" flipped="False" hidden="False" data="S_2" />
      <text name="pindes" originx="140" originy="-80" style="Default" rotation="0" justify="lowerright" flipped="False" hidden="False" data="2" />
    </sympin>
    <sympin number="3" originx="200" originy="-200" rotation="180" length="100" width="7.8740157480315" flipped="False">
      <text name="pinname" originx="230" originy="-200" style="Default" rotation="0" justify="left" flipped="False" hidden="False" data="S_3" />
      <text name="pindes" originx="140" originy="-180" style="Default" rotation="0" justify="lowerright" flipped="False" hidden="False" data="3" />
    </sympin>
    <sympin number="4" originx="200" originy="-300" rotation="180" length="100" width="7.8740157480315" flipped="False">
      <text name="pinname" originx="230" originy="-300" style="Default" rotation="0" justify="left" flipped="False" hidden="False" data="G" />
      <text name="pindes" originx="140" originy="-280" style="Default" rotation="0" justify="lowerright" flipped="False" hidden="False" data="4" />
    </sympin>
    <sympin number="5" originx="200" originy="-400" rotation="180" length="100" width="7.8740157480315" flipped="False">
      <text name="pinname" originx="230" originy="-400" style="Default" rotation="0" justify="left" flipped="False" hidden="False" data="D_1" />
      <text name="pindes" originx="140" originy="-380" style="Default" rotation="0" justify="lowerright" flipped="False" hidden="False" data="5" />
    </sympin>
    <sympin number="6" originx="800" originy="0" rotation="0" length="100" width="7.8740157480315" flipped="False">
      <text name="pinname" originx="770" originy="0" style="Default" rotation="0" justify="right" flipped="False" hidden="False" data="D_2" />
      <text name="pindes" originx="860" originy="20" style="Default" rotation="0" justify="lowerleft" flipped="False" hidden="False" data="6" />
    </sympin>
    <sympin number="7" originx="800" originy="-100" rotation="0" length="100" width="7.8740157480315" flipped="False">
      <text name="pinname" originx="770" originy="-100" style="Default" rotation="0" justify="right" flipped="False" hidden="False" data="D_3" />
      <text name="pindes" originx="860" originy="-80" style="Default" rotation="0" justify="lowerleft" flipped="False" hidden="False" data="7" />
    </sympin>
    <sympin number="8" originx="800" originy="-200" rotation="0" length="100" width="7.8740157480315" flipped="False">
      <text name="pinname" originx="770" originy="-200" style="Default" rotation="0" justify="right" flipped="False" hidden="False" data="D_4" />
      <text name="pindes" originx="860" originy="-180" style="Default" rotation="0" justify="lowerleft" flipped="False" hidden="False" data="8" />
    </sympin>
    <sympin number="9" originx="800" originy="-300" rotation="0" length="100" width="7.8740157480315" flipped="False">
      <text name="pinname" originx="770" originy="-300" style="Default" rotation="0" justify="right" flipped="False" hidden="False" data="D_5" />
      <text name="pindes" originx="860" originy="-280" style="Default" rotation="0" justify="lowerleft" flipped="False" hidden="False" data="9" />
    </sympin>
  </symbol>
  <component name="DMP3013SFV-7" designatorprefix="IC" height="0" footprint="DMP3036SFV7">
    <comppin designator="1" sympin="1" pinswap="0" gateswap="0" gate="1" group="1" side="" type="Any" name="S_1" />
    <comppin designator="2" sympin="2" pinswap="0" gateswap="0" gate="1" group="1" side="" type="Any" name="S_2" />
    <comppin designator="3" sympin="3" pinswap="0" gateswap="0" gate="1" group="1" side="" type="Any" name="S_3" />
    <comppin designator="4" sympin="4" pinswap="0" gateswap="0" gate="1" group="1" side="" type="Any" name="G" />
    <comppin designator="5" sympin="5" pinswap="0" gateswap="0" gate="1" group="1" side="" type="Any" name="D_1" />
    <comppin designator="6" sympin="6" pinswap="0" gateswap="0" gate="1" group="1" side="" type="Any" name="D_2" />
    <comppin designator="7" sympin="7" pinswap="0" gateswap="0" gate="1" group="1" side="" type="Any" name="D_3" />
    <comppin designator="8" sympin="8" pinswap="0" gateswap="0" gate="1" group="1" side="" type="Any" name="D_4" />
    <comppin designator="9" sympin="9" pinswap="0" gateswap="0" gate="1" group="1" side="" type="Any" name="D_5" />
    <attached_symbol gate="1" name="DMP3013SFV-7" />
    <pinmap designator="1" footprintpin="1" />
    <pinmap designator="2" footprintpin="2" />
    <pinmap designator="3" footprintpin="3" />
    <pinmap designator="4" footprintpin="4" />
    <pinmap designator="5" footprintpin="5" />
    <pinmap designator="6" footprintpin="6" />
    <pinmap designator="7" footprintpin="7" />
    <pinmap designator="8" footprintpin="8" />
    <pinmap designator="9" footprintpin="9" />
    <text name="Datasheet" originx="0" originy="0" style="Default" rotation="0" justify="" flipped="False" hidden="True" data="https://www.diodes.com//assets/Datasheets/DMP3013SFV.pdf" />
    <text name="Description" originx="0" originy="0" style="Default" rotation="0" justify="" flipped="False" hidden="True" data="Trans MOSFET P-CH 30V 12A 8-Pin PowerDI EP T/R" />
    <text name="Manufacturer_Name" originx="0" originy="0" style="Default" rotation="0" justify="" flipped="False" hidden="True" data="Diodes Incorporated" />
    <text name="Manufacturer_Part_Number" originx="850" originy="200" style="Default" rotation="0" justify="left" flipped="False" hidden="False" data="DMP3013SFV-7" />
    <text name="Mouser Part Number" originx="0" originy="0" style="Default" rotation="0" justify="" flipped="False" hidden="True" data="621-DMP3013SFV-7" />
    <text name="Mouser Price/Stock" originx="0" originy="0" style="Default" rotation="0" justify="" flipped="False" hidden="True" data="https://www.mouser.co.uk/ProductDetail/Diodes-Incorporated/DMP3013SFV-7?qs=W0yvOO0ixfH1hnmiAtL1VQ%3D%3D" />
    <text name="Arrow Part Number" originx="0" originy="0" style="Default" rotation="0" justify="" flipped="False" hidden="True" data="DMP3013SFV-7" />
    <text name="Arrow Price/Stock" originx="0" originy="0" style="Default" rotation="0" justify="" flipped="False" hidden="True" data="https://www.arrow.com/en/products/dmp3013sfv-7/diodes-incorporated?utm_currency=USD&region=nac" />
  </component>
</quadcept_library>
