<?xml version="1.0" encoding="utf-8"?>
<!--/12724748/1577691/2.50/4/2/Connector/-->
<quadcept_library>
  <setting unit="mil" />
  <textstyle name="Default" height="47.244094488189" strokewidth="7.8740157480315" charwidth="47.244094488189" />
  <textstyle name="Dimension" height="19.6850393700787" strokewidth="0" charwidth="19.6850393700787" />
  <textstyle name="H127W0635TH00762" height="50" strokewidth="3" charwidth="25" />
  <textstyle name="H15W15TH02" height="59.0551181102362" strokewidth="7.8740157480315" charwidth="59.0551181102362" />
  <padstyle name="c180_h120" surface="False" plated="True" isvia="False" nopaste="True" nomask="True" complex="False" holesize="47.244094488188">
    <padshape layer="TOP" shape="round" width="70.866141732283" height="70.866141732283" />
    <padshape layer="TOP_SOLDER_MASK" shape="round" width="78.740157480314" height="78.740157480314" />
    <padshape layer="INNER" shape="round" width="70.866141732283" height="70.866141732283" />
    <padshape layer="BOTTOM" shape="round" width="70.866141732283" height="70.866141732283" />
    <padshape layer="BOTTOM_SOLDER_MASK" shape="round" width="78.740157480314" height="78.740157480314" />
  </padstyle>
  <padstyle name="s180_h120" surface="False" plated="True" isvia="False" nopaste="True" nomask="True" complex="False" holesize="47.244094488188">
    <padshape layer="TOP" shape="square" width="70.866141732283" height="70.866141732283" />
    <padshape layer="TOP_SOLDER_MASK" shape="square" width="78.740157480314" height="78.740157480314" />
    <padshape layer="INNER" shape="round" width="70.866141732283" height="70.866141732283" />
    <padshape layer="BOTTOM" shape="square" width="70.866141732283" height="70.866141732283" />
    <padshape layer="BOTTOM_SOLDER_MASK" shape="square" width="78.740157480314" height="78.740157480314" />
  </padstyle>
  <footprint name="SHDRRA4W69P0X250_1X4_1000X1350X670P" originx="0" originy="0" pickpointx="0" pickpointy="0">
    <pcbpin number="1" name="1" style="s180_h120" originx="0" originy="0" rotation="90" />
    <pcbpin number="2" name="2" style="c180_h120" originx="98.425196850392" originy="0" rotation="90" />
    <pcbpin number="3" name="3" style="c180_h120" originx="196.85039370078" originy="0" rotation="90" />
    <pcbpin number="4" name="4" style="c180_h120" originx="295.27559055118" originy="0" rotation="90" />
    <line layer="TOP_PLACE_BOUND" originx="-59.055118110235" originy="-96.456692913385" endx="362.20472440944" endy="-96.456692913385" width="1.9685039370079" />
    <line layer="TOP_PLACE_BOUND" originx="362.20472440944" originy="-96.456692913385" endx="362.20472440944" endy="454.72440944881" width="1.9685039370079" />
    <line layer="TOP_PLACE_BOUND" originx="362.20472440944" originy="454.72440944881" endx="-59.055118110235" endy="454.72440944881" width="1.9685039370079" />
    <line layer="TOP_PLACE_BOUND" originx="-59.055118110235" originy="454.72440944881" endx="-59.055118110235" endy="-96.456692913385" width="1.9685039370079" />
    <line layer="TOP_ASSEMBLY" originx="-49.212598425196" originy="-86.614173228345" endx="-49.212598425196" endy="444.88188976377" width="3.9370078740157" />
    <line layer="TOP_ASSEMBLY" originx="-49.212598425196" originy="444.88188976377" endx="352.36220472441" endy="444.88188976377" width="3.9370078740157" />
    <line layer="TOP_ASSEMBLY" originx="352.36220472441" originy="444.88188976377" endx="352.36220472441" endy="-86.614173228345" width="3.9370078740157" />
    <line layer="TOP_ASSEMBLY" originx="352.36220472441" originy="-86.614173228345" endx="-49.212598425196" endy="-86.614173228345" width="3.9370078740157" />
    <line layer="TOP_SILKSCREEN" originx="-49.212598425196" originy="0" endx="-49.212598425196" endy="444.88188976377" width="7.8740157480314" />
    <line layer="TOP_SILKSCREEN" originx="-49.212598425196" originy="444.88188976377" endx="352.36220472441" endy="444.88188976377" width="7.8740157480314" />
    <line layer="TOP_SILKSCREEN" originx="352.36220472441" originy="444.88188976377" endx="352.36220472441" endy="-86.614173228345" width="7.8740157480314" />
  </footprint>
  <symbol name="171826-4" originx="0" originy="0">
    <line originx="200" originy="100" endx="600" endy="100" width="0" />
    <line originx="600" originy="-400" endx="600" endy="100" width="0" />
    <line originx="600" originy="-400" endx="200" endy="-400" width="0" />
    <line originx="200" originy="100" endx="200" endy="-400" width="0" />
    <sympin number="1" originx="200" originy="0" rotation="180" length="100" width="7.8740157480315" flipped="False">
      <text name="pinname" originx="230" originy="0" style="Default" rotation="0" justify="left" flipped="False" hidden="False" data="1" />
      <text name="pindes" originx="140" originy="20" style="Default" rotation="0" justify="lowerright" flipped="False" hidden="False" data="1" />
    </sympin>
    <sympin number="2" originx="200" originy="-100" rotation="180" length="100" width="7.8740157480315" flipped="False">
      <text name="pinname" originx="230" originy="-100" style="Default" rotation="0" justify="left" flipped="False" hidden="False" data="2" />
      <text name="pindes" originx="140" originy="-80" style="Default" rotation="0" justify="lowerright" flipped="False" hidden="False" data="2" />
    </sympin>
    <sympin number="3" originx="200" originy="-200" rotation="180" length="100" width="7.8740157480315" flipped="False">
      <text name="pinname" originx="230" originy="-200" style="Default" rotation="0" justify="left" flipped="False" hidden="False" data="3" />
      <text name="pindes" originx="140" originy="-180" style="Default" rotation="0" justify="lowerright" flipped="False" hidden="False" data="3" />
    </sympin>
    <sympin number="4" originx="200" originy="-300" rotation="180" length="100" width="7.8740157480315" flipped="False">
      <text name="pinname" originx="230" originy="-300" style="Default" rotation="0" justify="left" flipped="False" hidden="False" data="4" />
      <text name="pindes" originx="140" originy="-280" style="Default" rotation="0" justify="lowerright" flipped="False" hidden="False" data="4" />
    </sympin>
  </symbol>
  <component name="171826-4" designatorprefix="J" height="263.77952755905" footprint="SHDRRA4W69P0X250_1X4_1000X1350X670P">
    <comppin designator="1" sympin="1" pinswap="0" gateswap="0" gate="1" group="1" side="" type="Any" name="1" />
    <comppin designator="2" sympin="2" pinswap="0" gateswap="0" gate="1" group="1" side="" type="Any" name="2" />
    <comppin designator="3" sympin="3" pinswap="0" gateswap="0" gate="1" group="1" side="" type="Any" name="3" />
    <comppin designator="4" sympin="4" pinswap="0" gateswap="0" gate="1" group="1" side="" type="Any" name="4" />
    <attached_symbol gate="1" name="171826-4" />
    <pinmap designator="1" footprintpin="1" />
    <pinmap designator="2" footprintpin="2" />
    <pinmap designator="3" footprintpin="3" />
    <pinmap designator="4" footprintpin="4" />
    <text name="Datasheet" originx="0" originy="0" style="Default" rotation="0" justify="" flipped="False" hidden="True" data="https://www.te.com/commerce/DocumentDelivery/DDEController?Action=srchrtrv&amp;DocNm=1-1773972-5_EIS_Connectors_Brochure&amp;DocType=Data Sheet&amp;DocLang=English&amp;PartCntxt=171826-4&amp;DocFormat=pdf" />
    <text name="Description" originx="0" originy="0" style="Default" rotation="0" justify="" flipped="False" hidden="True" data="Body Features: Connector Profile Low | Primary Product Color Natural | Configuration Features: Number of Rows 1 | Number of Positions 4 | PCB Mount Orientation Horizontal | Contact Features: PCB Contact Termination Area Plating Material Tin | Contact Base Material Brass | Contact Mating Area Plating Material Thickness .8 MICM | Mating Square Post Dimension .64 MM | Contact Current Rating (Max) 5 AMP | Contact Mating Area Length 7.5 MM | Contact Type Pin | Mating Square Post Dimension .025 INCH | Contact Mat" />
    <text name="Manufacturer_Name" originx="0" originy="0" style="Default" rotation="0" justify="" flipped="False" hidden="True" data="TE Connectivity" />
    <text name="Manufacturer_Part_Number" originx="650" originy="200" style="Default" rotation="0" justify="left" flipped="False" hidden="False" data="171826-4" />
    <text name="Mouser Part Number" originx="0" originy="0" style="Default" rotation="0" justify="" flipped="False" hidden="True" data="571-1718264" />
    <text name="Mouser Price/Stock" originx="0" originy="0" style="Default" rotation="0" justify="" flipped="False" hidden="True" data="https://www.mouser.co.uk/ProductDetail/TE-Connectivity/171826-4?qs=4hg9R9g9MDt3qYFe2l2pbA%3D%3D" />
    <text name="Arrow Part Number" originx="0" originy="0" style="Default" rotation="0" justify="" flipped="False" hidden="True" data="171826-4" />
    <text name="Arrow Price/Stock" originx="0" originy="0" style="Default" rotation="0" justify="" flipped="False" hidden="True" data="https://www.arrow.com/en/products/171826-4/te-connectivity?region=europe" />
  </component>
</quadcept_library>
