<?xml version="1.0" encoding="utf-8"?>
<!--/11508731/1577691/2.50/9/2/Integrated Circuit/-->
<quadcept_library>
  <setting unit="mil" />
  <textstyle name="Default" height="47.244094488189" strokewidth="7.8740157480315" charwidth="47.244094488189" />
  <textstyle name="Dimension" height="19.6850393700787" strokewidth="0" charwidth="19.6850393700787" />
  <textstyle name="H127W0635TH00762" height="50" strokewidth="3" charwidth="25" />
  <textstyle name="H15W15TH02" height="59.0551181102362" strokewidth="7.8740157480315" charwidth="59.0551181102362" />
  <padstyle name="r152.5_65" surface="True" plated="False" isvia="False" nopaste="False" nomask="True" complex="False" holesize="0">
    <padshape layer="TOP" shape="rectangle" width="25.590551181102" height="60.039370078739" />
    <padshape layer="TOP_SOLDER_MASK" shape="rectangle" width="33.464566929133" height="67.913385826771" />
    <padshape layer="TOP_SOLDER_PASTE" shape="rectangle" width="25.590551181102" height="60.039370078739" />
  </padstyle>
  <padstyle name="r335_271" surface="True" plated="False" isvia="False" nopaste="False" nomask="True" complex="False" holesize="0">
    <padshape layer="TOP" shape="rectangle" width="106.69291338583" height="131.88976377953" />
    <padshape layer="TOP_SOLDER_MASK" shape="rectangle" width="114.56692913386" height="139.76377952756" />
    <padshape layer="TOP_SOLDER_PASTE" shape="rectangle" width="106.69291338583" height="131.88976377953" />
  </padstyle>
  <footprint name="SOIC127P600X163-9N" originx="0" originy="0" pickpointx="0" pickpointy="0">
    <pcbpin number="1" name="1" style="r152.5_65" originx="-105.82677165354" originy="74.999999999999" rotation="90" />
    <pcbpin number="2" name="2" style="r152.5_65" originx="-105.82677165354" originy="25" rotation="90" />
    <pcbpin number="3" name="3" style="r152.5_65" originx="-105.82677165354" originy="-25" rotation="90" />
    <pcbpin number="4" name="4" style="r152.5_65" originx="-105.82677165354" originy="-74.999999999999" rotation="90" />
    <pcbpin number="5" name="5" style="r152.5_65" originx="105.82677165354" originy="-74.999999999999" rotation="90" />
    <pcbpin number="6" name="6" style="r152.5_65" originx="105.82677165354" originy="-25" rotation="90" />
    <pcbpin number="7" name="7" style="r152.5_65" originx="105.82677165354" originy="25" rotation="90" />
    <pcbpin number="8" name="8" style="r152.5_65" originx="105.82677165354" originy="74.999999999999" rotation="90" />
    <pcbpin number="9" name="9" style="r335_271" originx="0" originy="0" rotation="0" />
    <line layer="TOP_PLACE_BOUND" originx="-145.66929133858" originy="107.28346456693" endx="145.66929133858" endy="107.28346456693" width="1.9685039370079" />
    <line layer="TOP_PLACE_BOUND" originx="145.66929133858" originy="107.28346456693" endx="145.66929133858" endy="-107.28346456693" width="1.9685039370079" />
    <line layer="TOP_PLACE_BOUND" originx="145.66929133858" originy="-107.28346456693" endx="-145.66929133858" endy="-107.28346456693" width="1.9685039370079" />
    <line layer="TOP_PLACE_BOUND" originx="-145.66929133858" originy="-107.28346456693" endx="-145.66929133858" endy="107.28346456693" width="1.9685039370079" />
    <line layer="TOP_ASSEMBLY" originx="-75.787401574802" originy="96.456692913385" endx="75.787401574802" endy="96.456692913385" width="3.9370078740157" />
    <line layer="TOP_ASSEMBLY" originx="75.787401574802" originy="96.456692913385" endx="75.787401574802" endy="-96.456692913385" width="3.9370078740157" />
    <line layer="TOP_ASSEMBLY" originx="75.787401574802" originy="-96.456692913385" endx="-75.787401574802" endy="-96.456692913385" width="3.9370078740157" />
    <line layer="TOP_ASSEMBLY" originx="-75.787401574802" originy="-96.456692913385" endx="-75.787401574802" endy="96.456692913385" width="3.9370078740157" />
    <line layer="TOP_ASSEMBLY" originx="-75.787401574802" originy="46.456692913385" endx="-25.787401574803" endy="96.456692913385" width="3.9370078740157" />
    <line layer="TOP_SILKSCREEN" originx="-135.82677165354" originy="101.57480314961" endx="-75.787401574802" endy="101.57480314961" width="7.8740157480314" />
  </footprint>
  <symbol name="AP64501SP-13" originx="0" originy="0">
    <line originx="200" originy="100" endx="1000" endy="100" width="0" />
    <line originx="1000" originy="-600" endx="1000" endy="100" width="0" />
    <line originx="1000" originy="-600" endx="200" endy="-600" width="0" />
    <line originx="200" originy="100" endx="200" endy="-600" width="0" />
    <sympin number="1" originx="200" originy="0" rotation="180" length="100" width="7.8740157480315" flipped="False">
      <text name="pinname" originx="230" originy="0" style="Default" rotation="0" justify="left" flipped="False" hidden="False" data="BST" />
      <text name="pindes" originx="140" originy="20" style="Default" rotation="0" justify="lowerright" flipped="False" hidden="False" data="1" />
    </sympin>
    <sympin number="2" originx="200" originy="-100" rotation="180" length="100" width="7.8740157480315" flipped="False">
      <text name="pinname" originx="230" originy="-100" style="Default" rotation="0" justify="left" flipped="False" hidden="False" data="VIN" />
      <text name="pindes" originx="140" originy="-80" style="Default" rotation="0" justify="lowerright" flipped="False" hidden="False" data="2" />
    </sympin>
    <sympin number="3" originx="200" originy="-200" rotation="180" length="100" width="7.8740157480315" flipped="False">
      <text name="pinname" originx="230" originy="-200" style="Default" rotation="0" justify="left" flipped="False" hidden="False" data="EN" />
      <text name="pindes" originx="140" originy="-180" style="Default" rotation="0" justify="lowerright" flipped="False" hidden="False" data="3" />
    </sympin>
    <sympin number="4" originx="200" originy="-300" rotation="180" length="100" width="7.8740157480315" flipped="False">
      <text name="pinname" originx="230" originy="-300" style="Default" rotation="0" justify="left" flipped="False" hidden="False" data="SS" />
      <text name="pindes" originx="140" originy="-280" style="Default" rotation="0" justify="lowerright" flipped="False" hidden="False" data="4" />
    </sympin>
    <sympin number="9" originx="600" originy="-600" rotation="270" length="100" width="7.8740157480315" flipped="False">
      <text name="pinname" originx="600" originy="-570" style="Default" rotation="0" justify="left" flipped="False" hidden="False" data="EP" />
      <text name="pindes" originx="580" originy="-660" style="Default" rotation="0" justify="lowerright" flipped="False" hidden="False" data="9" />
    </sympin>
    <sympin number="8" originx="1000" originy="0" rotation="0" length="100" width="7.8740157480315" flipped="False">
      <text name="pinname" originx="970" originy="0" style="Default" rotation="0" justify="right" flipped="False" hidden="False" data="SW" />
      <text name="pindes" originx="1060" originy="20" style="Default" rotation="0" justify="lowerleft" flipped="False" hidden="False" data="8" />
    </sympin>
    <sympin number="7" originx="1000" originy="-100" rotation="0" length="100" width="7.8740157480315" flipped="False">
      <text name="pinname" originx="970" originy="-100" style="Default" rotation="0" justify="right" flipped="False" hidden="False" data="GND" />
      <text name="pindes" originx="1060" originy="-80" style="Default" rotation="0" justify="lowerleft" flipped="False" hidden="False" data="7" />
    </sympin>
    <sympin number="6" originx="1000" originy="-200" rotation="0" length="100" width="7.8740157480315" flipped="False">
      <text name="pinname" originx="970" originy="-200" style="Default" rotation="0" justify="right" flipped="False" hidden="False" data="COMP" />
      <text name="pindes" originx="1060" originy="-180" style="Default" rotation="0" justify="lowerleft" flipped="False" hidden="False" data="6" />
    </sympin>
    <sympin number="5" originx="1000" originy="-300" rotation="0" length="100" width="7.8740157480315" flipped="False">
      <text name="pinname" originx="970" originy="-300" style="Default" rotation="0" justify="right" flipped="False" hidden="False" data="FB" />
      <text name="pindes" originx="1060" originy="-280" style="Default" rotation="0" justify="lowerleft" flipped="False" hidden="False" data="5" />
    </sympin>
  </symbol>
  <component name="AP64501SP-13" designatorprefix="IC" height="64.173228346456" footprint="SOIC127P600X163-9N">
    <comppin designator="1" sympin="1" pinswap="0" gateswap="0" gate="1" group="1" side="" type="Any" name="BST" />
    <comppin designator="2" sympin="2" pinswap="0" gateswap="0" gate="1" group="1" side="" type="Any" name="VIN" />
    <comppin designator="3" sympin="3" pinswap="0" gateswap="0" gate="1" group="1" side="" type="Any" name="EN" />
    <comppin designator="4" sympin="4" pinswap="0" gateswap="0" gate="1" group="1" side="" type="Any" name="SS" />
    <comppin designator="5" sympin="5" pinswap="0" gateswap="0" gate="1" group="1" side="" type="Any" name="FB" />
    <comppin designator="6" sympin="6" pinswap="0" gateswap="0" gate="1" group="1" side="" type="Any" name="COMP" />
    <comppin designator="7" sympin="7" pinswap="0" gateswap="0" gate="1" group="1" side="" type="Any" name="GND" />
    <comppin designator="8" sympin="8" pinswap="0" gateswap="0" gate="1" group="1" side="" type="Any" name="SW" />
    <comppin designator="9" sympin="9" pinswap="0" gateswap="0" gate="1" group="1" side="" type="Any" name="EP" />
    <attached_symbol gate="1" name="AP64501SP-13" />
    <pinmap designator="1" footprintpin="1" />
    <pinmap designator="2" footprintpin="2" />
    <pinmap designator="3" footprintpin="3" />
    <pinmap designator="4" footprintpin="4" />
    <pinmap designator="5" footprintpin="5" />
    <pinmap designator="6" footprintpin="6" />
    <pinmap designator="7" footprintpin="7" />
    <pinmap designator="8" footprintpin="8" />
    <pinmap designator="9" footprintpin="9" />
    <text name="Datasheet" originx="0" originy="0" style="Default" rotation="0" justify="" flipped="False" hidden="True" data="https://www.diodes.com//assets/Datasheets/AP64501.pdf" />
    <text name="Description" originx="0" originy="0" style="Default" rotation="0" justify="" flipped="False" hidden="True" data="Conv DC-DC 3.8V to 40V Synchronous Step Down Single-Out 0.8V to 39V 5A 8-Pin SO EP T/R" />
    <text name="Manufacturer_Name" originx="0" originy="0" style="Default" rotation="0" justify="" flipped="False" hidden="True" data="Diodes Incorporated" />
    <text name="Manufacturer_Part_Number" originx="1050" originy="200" style="Default" rotation="0" justify="left" flipped="False" hidden="False" data="AP64501SP-13" />
    <text name="Mouser Part Number" originx="0" originy="0" style="Default" rotation="0" justify="" flipped="False" hidden="True" data="621-AP64501SP-13" />
    <text name="Mouser Price/Stock" originx="0" originy="0" style="Default" rotation="0" justify="" flipped="False" hidden="True" data="https://www.mouser.co.uk/ProductDetail/Diodes-Incorporated/AP64501SP-13?qs=P1JMDcb91o7FS0GU%252BW7TIQ%3D%3D" />
    <text name="Arrow Part Number" originx="0" originy="0" style="Default" rotation="0" justify="" flipped="False" hidden="True" data="AP64501SP-13" />
    <text name="Arrow Price/Stock" originx="0" originy="0" style="Default" rotation="0" justify="" flipped="False" hidden="True" data="https://www.arrow.com/en/products/ap64501sp-13/diodes-incorporated?utm_currency=USD&region=nac" />
  </component>
</quadcept_library>
