<?xml version="1.0" encoding="utf-8"?>
<!--/238155/1577691/2.50/4/4/Connector/-->
<quadcept_library>
  <setting unit="mil" />
  <textstyle name="Default" height="47.244094488189" strokewidth="7.8740157480315" charwidth="47.244094488189" />
  <textstyle name="Dimension" height="19.6850393700787" strokewidth="0" charwidth="19.6850393700787" />
  <textstyle name="H127W0635TH00762" height="50" strokewidth="3" charwidth="25" />
  <textstyle name="H15W15TH02" height="59.0551181102362" strokewidth="7.8740157480315" charwidth="59.0551181102362" />
  <padstyle name="c155_h102" surface="False" plated="True" isvia="False" nopaste="True" nomask="True" complex="False" holesize="40.15748031496">
    <padshape layer="TOP" shape="round" width="61.023622047243" height="61.023622047243" />
    <padshape layer="TOP_SOLDER_MASK" shape="round" width="68.897637795275" height="68.897637795275" />
    <padshape layer="INNER" shape="round" width="61.023622047243" height="61.023622047243" />
    <padshape layer="BOTTOM" shape="round" width="61.023622047243" height="61.023622047243" />
    <padshape layer="BOTTOM_SOLDER_MASK" shape="round" width="68.897637795275" height="68.897637795275" />
  </padstyle>
  <padstyle name="s153_h102" surface="False" plated="True" isvia="False" nopaste="True" nomask="True" complex="False" holesize="40.15748031496">
    <padshape layer="TOP" shape="square" width="60.23622047244" height="60.23622047244" />
    <padshape layer="TOP_SOLDER_MASK" shape="square" width="68.110236220472" height="68.110236220472" />
    <padshape layer="INNER" shape="square" width="60.23622047244" height="60.23622047244" />
    <padshape layer="BOTTOM" shape="square" width="60.23622047244" height="60.23622047244" />
    <padshape layer="BOTTOM_SOLDER_MASK" shape="square" width="68.110236220472" height="68.110236220472" />
  </padstyle>
  <padstyle name="c65_h130" surface="False" plated="True" isvia="False" nopaste="True" nomask="True" complex="False" holesize="51.181102362204">
    <padshape layer="TOP" shape="round" width="25.590551181102" height="25.590551181102" />
    <padshape layer="TOP_SOLDER_MASK" shape="round" width="33.464566929133" height="33.464566929133" />
    <padshape layer="INNER" shape="round" width="25.590551181102" height="25.590551181102" />
    <padshape layer="BOTTOM" shape="round" width="25.590551181102" height="25.590551181102" />
    <padshape layer="BOTTOM_SOLDER_MASK" shape="round" width="33.464566929133" height="33.464566929133" />
  </padstyle>
  <footprint name="470531000" originx="0" originy="0" pickpointx="0" pickpointy="0">
    <pcbpin number="1" name="1" style="s153_h102" originx="0" originy="0" rotation="90" />
    <pcbpin number="2" name="2" style="c155_h102" originx="-99.999999999999" originy="0" rotation="90" />
    <pcbpin number="3" name="3" style="c155_h102" originx="-200" originy="0" rotation="90" />
    <pcbpin number="4" name="4" style="c155_h102" originx="-300" originy="0" rotation="90" />
    <pcbpin number="5" name="5" style="c65_h130" originx="-200" originy="-85.039370078739" rotation="90" />
    <line layer="TOP_ASSEMBLY" originx="-361.81102362204" originy="129.92125984252" endx="54.566929133858" endy="129.92125984252" width="7.8740157480314" />
    <line layer="TOP_ASSEMBLY" originx="54.566929133858" originy="129.92125984252" endx="54.566929133858" endy="-99.999999999999" width="7.8740157480314" />
    <line layer="TOP_ASSEMBLY" originx="54.566929133858" originy="-99.999999999999" endx="-361.81102362204" endy="-99.999999999999" width="7.8740157480314" />
    <line layer="TOP_ASSEMBLY" originx="-361.81102362204" originy="-99.999999999999" endx="-361.81102362204" endy="129.92125984252" width="7.8740157480314" />
    <line layer="TOP_PLACE_BOUND" originx="-401.1811023622" originy="169.29133858268" endx="93.937007874015" endy="169.29133858268" width="3.9370078740157" />
    <line layer="TOP_PLACE_BOUND" originx="93.937007874015" originy="169.29133858268" endx="93.937007874015" endy="-150" width="3.9370078740157" />
    <line layer="TOP_PLACE_BOUND" originx="93.937007874015" originy="-150" endx="-401.1811023622" endy="-150" width="3.9370078740157" />
    <line layer="TOP_PLACE_BOUND" originx="-401.1811023622" originy="-150" endx="-401.1811023622" endy="169.29133858268" width="3.9370078740157" />
    <line layer="TOP_SILKSCREEN" originx="-361.81102362204" originy="-99.999999999999" endx="-361.81102362204" endy="129.92125984252" width="3.9370078740157" />
    <line layer="TOP_SILKSCREEN" originx="-361.81102362204" originy="129.92125984252" endx="54.566929133858" endy="129.92125984252" width="3.9370078740157" />
    <line layer="TOP_SILKSCREEN" originx="54.566929133858" originy="129.92125984252" endx="54.566929133858" endy="-99.999999999999" width="3.9370078740157" />
    <line layer="TOP_SILKSCREEN" originx="54.566929133858" originy="-99.999999999999" endx="-153.62204724409" endy="-99.999999999999" width="3.9370078740157" />
    <line layer="TOP_SILKSCREEN" originx="-361.81102362204" originy="-99.999999999999" endx="-247.75590551181" endy="-99.999999999999" width="3.9370078740157" />
  </footprint>
  <symbol name="47053-1000" originx="0" originy="0">
    <line originx="200" originy="100" endx="600" endy="100" width="0" />
    <line originx="600" originy="-400" endx="600" endy="100" width="0" />
    <line originx="600" originy="-400" endx="200" endy="-400" width="0" />
    <line originx="200" originy="100" endx="200" endy="-400" width="0" />
    <sympin number="1" originx="200" originy="-300" rotation="180" length="100" width="7.8740157480315" flipped="False">
      <text name="pinname" originx="230" originy="-300" style="Default" rotation="0" justify="left" flipped="False" hidden="False" data="1" />
      <text name="pindes" originx="140" originy="-280" style="Default" rotation="0" justify="lowerright" flipped="False" hidden="False" data="1" />
    </sympin>
    <sympin number="2" originx="200" originy="-200" rotation="180" length="100" width="7.8740157480315" flipped="False">
      <text name="pinname" originx="230" originy="-200" style="Default" rotation="0" justify="left" flipped="False" hidden="False" data="2" />
      <text name="pindes" originx="140" originy="-180" style="Default" rotation="0" justify="lowerright" flipped="False" hidden="False" data="2" />
    </sympin>
    <sympin number="3" originx="200" originy="-100" rotation="180" length="100" width="7.8740157480315" flipped="False">
      <text name="pinname" originx="230" originy="-100" style="Default" rotation="0" justify="left" flipped="False" hidden="False" data="3" />
      <text name="pindes" originx="140" originy="-80" style="Default" rotation="0" justify="lowerright" flipped="False" hidden="False" data="3" />
    </sympin>
    <sympin number="4" originx="200" originy="0" rotation="180" length="100" width="7.8740157480315" flipped="False">
      <text name="pinname" originx="230" originy="0" style="Default" rotation="0" justify="left" flipped="False" hidden="False" data="4" />
      <text name="pindes" originx="140" originy="20" style="Default" rotation="0" justify="lowerright" flipped="False" hidden="False" data="4" />
    </sympin>
  </symbol>
  <component name="47053-1000" designatorprefix="J" height="314.96062992126" footprint="470531000">
    <comppin designator="1" sympin="1" pinswap="0" gateswap="0" gate="1" group="1" side="" type="Any" name="1" />
    <comppin designator="2" sympin="2" pinswap="0" gateswap="0" gate="1" group="1" side="" type="Any" name="2" />
    <comppin designator="3" sympin="3" pinswap="0" gateswap="0" gate="1" group="1" side="" type="Any" name="3" />
    <comppin designator="4" sympin="4" pinswap="0" gateswap="0" gate="1" group="1" side="" type="Any" name="4" />
    <attached_symbol gate="1" name="47053-1000" />
    <pinmap designator="1" footprintpin="1" />
    <pinmap designator="2" footprintpin="2" />
    <pinmap designator="3" footprintpin="3" />
    <pinmap designator="4" footprintpin="4" />
    <text name="Datasheet" originx="0" originy="0" style="Default" rotation="0" justify="" flipped="False" hidden="True" data="http://www.molex.com/pdm_docs/sd/470531000_sd.pdf" />
    <text name="Description" originx="0" originy="0" style="Default" rotation="0" justify="" flipped="False" hidden="True" data="MOLEX - 47053-1000 - HEADER, 4POS, 1ROW, 2.54MM" />
    <text name="Manufacturer_Name" originx="0" originy="0" style="Default" rotation="0" justify="" flipped="False" hidden="True" data="Molex" />
    <text name="Manufacturer_Part_Number" originx="650" originy="200" style="Default" rotation="0" justify="left" flipped="False" hidden="False" data="47053-1000" />
    <text name="Mouser Part Number" originx="0" originy="0" style="Default" rotation="0" justify="" flipped="False" hidden="True" data="538-47053-1000" />
    <text name="Mouser Price/Stock" originx="0" originy="0" style="Default" rotation="0" justify="" flipped="False" hidden="True" data="https://www.mouser.co.uk/ProductDetail/Molex/47053-1000?qs=ph4zPCVRuvqoDX7hrEhxNA%3D%3D" />
    <text name="Arrow Part Number" originx="0" originy="0" style="Default" rotation="0" justify="" flipped="False" hidden="True" data="" />
    <text name="Arrow Price/Stock" originx="0" originy="0" style="Default" rotation="0" justify="" flipped="False" hidden="True" data="" />
  </component>
</quadcept_library>
