<?xml version="1.0" encoding="utf-8"?>
<!--/1043725/1577691/2.50/12/4/Connector/-->
<quadcept_library>
  <setting unit="mil" />
  <textstyle name="Default" height="47.244094488189" strokewidth="7.8740157480315" charwidth="47.244094488189" />
  <textstyle name="Dimension" height="19.6850393700787" strokewidth="0" charwidth="19.6850393700787" />
  <textstyle name="H127W0635TH00762" height="50" strokewidth="3" charwidth="25" />
  <textstyle name="H15W15TH02" height="59.0551181102362" strokewidth="7.8740157480315" charwidth="59.0551181102362" />
  <padstyle name="c143.1_h92" surface="False" plated="True" isvia="False" nopaste="True" nomask="True" complex="False" holesize="36.220472440944">
    <padshape layer="TOP" shape="round" width="56.338582677165" height="56.338582677165" />
    <padshape layer="TOP_SOLDER_MASK" shape="round" width="64.212598425196" height="64.212598425196" />
    <padshape layer="INNER" shape="round" width="56.338582677165" height="56.338582677165" />
    <padshape layer="BOTTOM" shape="round" width="56.338582677165" height="56.338582677165" />
    <padshape layer="BOTTOM_SOLDER_MASK" shape="round" width="64.212598425196" height="64.212598425196" />
  </padstyle>
  <padstyle name="c345_h230" surface="False" plated="True" isvia="False" nopaste="True" nomask="True" complex="False" holesize="90.551181102361">
    <padshape layer="TOP" shape="round" width="135.82677165354" height="135.82677165354" />
    <padshape layer="TOP_SOLDER_MASK" shape="round" width="143.70078740157" height="143.70078740157" />
    <padshape layer="INNER" shape="round" width="135.82677165354" height="135.82677165354" />
    <padshape layer="BOTTOM" shape="round" width="135.82677165354" height="135.82677165354" />
    <padshape layer="BOTTOM_SOLDER_MASK" shape="round" width="143.70078740157" height="143.70078740157" />
  </padstyle>
  <footprint name="0672984090-1" originx="0" originy="0" pickpointx="0" pickpointy="0">
    <pcbpin number="1" name="A1" style="c143.1_h92" originx="0" originy="-0" rotation="90" />
    <pcbpin number="2" name="A2" style="c143.1_h92" originx="98.425196850392" originy="-0" rotation="90" />
    <pcbpin number="3" name="A3" style="c143.1_h92" originx="177.16535433071" originy="-0" rotation="90" />
    <pcbpin number="4" name="A4" style="c143.1_h92" originx="275.5905511811" originy="-0" rotation="90" />
    <pcbpin number="5" name="B1" style="c143.1_h92" originx="0" originy="103.14960629921" rotation="90" />
    <pcbpin number="6" name="B2" style="c143.1_h92" originx="98.425196850392" originy="103.14960629921" rotation="90" />
    <pcbpin number="7" name="B3" style="c143.1_h92" originx="177.16535433071" originy="103.14960629921" rotation="90" />
    <pcbpin number="8" name="B4" style="c143.1_h92" originx="275.5905511811" originy="103.14960629921" rotation="90" />
    <pcbpin number="9" name="MH1" style="c345_h230" originx="-120.86614173228" originy="116.92913385827" rotation="90" />
    <pcbpin number="10" name="MH2" style="c345_h230" originx="-120.86614173228" originy="-106.69291338583" rotation="90" />
    <pcbpin number="11" name="MH3" style="c345_h230" originx="396.45669291338" originy="-106.69291338583" rotation="90" />
    <pcbpin number="12" name="MH4" style="c345_h230" originx="396.45669291338" originy="116.92913385827" rotation="90" />
    <line layer="TOP_ASSEMBLY" originx="-135.82677165354" originy="-511.41732283464" endx="411.41732283464" endy="-511.41732283464" width="3.9370078740157" />
    <line layer="TOP_ASSEMBLY" originx="411.41732283464" originy="-511.41732283464" endx="411.41732283464" endy="169.68503937008" width="3.9370078740157" />
    <line layer="TOP_ASSEMBLY" originx="411.41732283464" originy="169.68503937008" endx="-135.82677165354" endy="169.68503937008" width="3.9370078740157" />
    <line layer="TOP_ASSEMBLY" originx="-135.82677165354" originy="169.68503937008" endx="-135.82677165354" endy="-511.41732283464" width="3.9370078740157" />
    <line layer="TOP_PLACE_BOUND" originx="-228.14960629921" originy="224.21259842519" endx="503.74015748031" endy="224.21259842519" width="3.9370078740157" />
    <line layer="TOP_PLACE_BOUND" originx="503.74015748031" originy="224.21259842519" endx="503.74015748031" endy="-550.7874015748" width="3.9370078740157" />
    <line layer="TOP_PLACE_BOUND" originx="503.74015748031" originy="-550.7874015748" endx="-228.14960629921" endy="-550.7874015748" width="3.9370078740157" />
    <line layer="TOP_PLACE_BOUND" originx="-228.14960629921" originy="-550.7874015748" endx="-228.14960629921" endy="224.21259842519" width="3.9370078740157" />
    <line layer="TOP_SILKSCREEN" originx="-59.055118110235" originy="169.68503937008" endx="334.64566929133" endy="169.68503937008" width="7.8740157480314" />
    <line layer="TOP_SILKSCREEN" originx="334.64566929133" originy="169.68503937008" endx="334.64566929133" endy="169.68503937008" width="7.8740157480314" />
    <line layer="TOP_SILKSCREEN" originx="334.64566929133" originy="169.68503937008" endx="-59.055118110235" endy="169.68503937008" width="7.8740157480314" />
    <line layer="TOP_SILKSCREEN" originx="-59.055118110235" originy="169.68503937008" endx="-59.055118110235" endy="169.68503937008" width="7.8740157480314" />
    <line layer="TOP_SILKSCREEN" originx="-135.82677165354" originy="35.826771653543" endx="-135.82677165354" endy="35.826771653543" width="7.8740157480314" />
    <line layer="TOP_SILKSCREEN" originx="-135.82677165354" originy="35.826771653543" endx="-135.82677165354" endy="-23.228346456693" width="7.8740157480314" />
    <line layer="TOP_SILKSCREEN" originx="-135.82677165354" originy="-23.228346456693" endx="-135.82677165354" endy="-23.228346456693" width="7.8740157480314" />
    <line layer="TOP_SILKSCREEN" originx="-135.82677165354" originy="-23.228346456693" endx="-135.82677165354" endy="35.826771653543" width="7.8740157480314" />
    <line layer="TOP_SILKSCREEN" originx="-135.82677165354" originy="-190.55118110236" endx="-135.82677165354" endy="-190.55118110236" width="7.8740157480314" />
    <line layer="TOP_SILKSCREEN" originx="-135.82677165354" originy="-190.55118110236" endx="-135.82677165354" endy="-511.41732283464" width="7.8740157480314" />
    <line layer="TOP_SILKSCREEN" originx="-135.82677165354" originy="-511.41732283464" endx="-135.82677165354" endy="-511.41732283464" width="7.8740157480314" />
    <line layer="TOP_SILKSCREEN" originx="-135.82677165354" originy="-511.41732283464" endx="-135.82677165354" endy="-190.55118110236" width="7.8740157480314" />
    <line layer="TOP_SILKSCREEN" originx="-135.82677165354" originy="-511.41732283464" endx="411.41732283464" endy="-511.41732283464" width="7.8740157480314" />
    <line layer="TOP_SILKSCREEN" originx="411.41732283464" originy="-511.41732283464" endx="411.41732283464" endy="-511.41732283464" width="7.8740157480314" />
    <line layer="TOP_SILKSCREEN" originx="411.41732283464" originy="-511.41732283464" endx="-135.82677165354" endy="-511.41732283464" width="7.8740157480314" />
    <line layer="TOP_SILKSCREEN" originx="-135.82677165354" originy="-511.41732283464" endx="-135.82677165354" endy="-511.41732283464" width="7.8740157480314" />
    <line layer="TOP_SILKSCREEN" originx="411.41732283464" originy="-511.41732283464" endx="411.41732283464" endy="-511.41732283464" width="7.8740157480314" />
    <line layer="TOP_SILKSCREEN" originx="411.41732283464" originy="-511.41732283464" endx="411.41732283464" endy="-190.55118110236" width="7.8740157480314" />
    <line layer="TOP_SILKSCREEN" originx="411.41732283464" originy="-190.55118110236" endx="411.41732283464" endy="-190.55118110236" width="7.8740157480314" />
    <line layer="TOP_SILKSCREEN" originx="411.41732283464" originy="-190.55118110236" endx="411.41732283464" endy="-511.41732283464" width="7.8740157480314" />
    <line layer="TOP_SILKSCREEN" originx="411.41732283464" originy="-23.228346456693" endx="411.41732283464" endy="-23.228346456693" width="7.8740157480314" />
    <line layer="TOP_SILKSCREEN" originx="411.41732283464" originy="-23.228346456693" endx="411.41732283464" endy="35.826771653543" width="7.8740157480314" />
    <line layer="TOP_SILKSCREEN" originx="411.41732283464" originy="35.826771653543" endx="411.41732283464" endy="35.826771653543" width="7.8740157480314" />
    <line layer="TOP_SILKSCREEN" originx="411.41732283464" originy="35.826771653543" endx="411.41732283464" endy="-23.228346456693" width="7.8740157480314" />
    <line layer="TOP_SILKSCREEN" originx="-161.41732283464" originy="-0" endx="-161.41732283464" endy="-0" width="7.8740157480314" />
    <arc layer="TOP_SILKSCREEN" originx="-159.44881889764" originy="0" startangle="180.0" sweepangle="180.0" radius="1.9685039370079" width="7.8740157480314" />
    <line layer="TOP_SILKSCREEN" originx="-157.48031496063" originy="-0" endx="-157.48031496063" endy="-0" width="7.8740157480314" />
    <arc layer="TOP_SILKSCREEN" originx="-159.44881889764" originy="0" startangle=".0" sweepangle="180.0" radius="1.9685039370079" width="7.8740157480314" />
    <line layer="TOP_SILKSCREEN" originx="-161.41732283464" originy="-0" endx="-157.48031496063" endy="0" width="7.8740157480314" />
  </footprint>
  <symbol name="0672984090" originx="0" originy="0">
    <line originx="200" originy="100" endx="800" endy="100" width="0" />
    <line originx="800" originy="-600" endx="800" endy="100" width="0" />
    <line originx="800" originy="-600" endx="200" endy="-600" width="0" />
    <line originx="200" originy="100" endx="200" endy="-600" width="0" />
    <sympin number="1" originx="200" originy="0" rotation="180" length="100" width="7.8740157480315" flipped="False">
      <text name="pinname" originx="230" originy="0" style="Default" rotation="0" justify="left" flipped="False" hidden="False" data="A1" />
      <text name="pindes" originx="140" originy="20" style="Default" rotation="0" justify="lowerright" flipped="False" hidden="False" data="A1" />
    </sympin>
    <sympin number="2" originx="200" originy="-100" rotation="180" length="100" width="7.8740157480315" flipped="False">
      <text name="pinname" originx="230" originy="-100" style="Default" rotation="0" justify="left" flipped="False" hidden="False" data="A2" />
      <text name="pindes" originx="140" originy="-80" style="Default" rotation="0" justify="lowerright" flipped="False" hidden="False" data="A2" />
    </sympin>
    <sympin number="3" originx="200" originy="-200" rotation="180" length="100" width="7.8740157480315" flipped="False">
      <text name="pinname" originx="230" originy="-200" style="Default" rotation="0" justify="left" flipped="False" hidden="False" data="A3" />
      <text name="pindes" originx="140" originy="-180" style="Default" rotation="0" justify="lowerright" flipped="False" hidden="False" data="A3" />
    </sympin>
    <sympin number="4" originx="200" originy="-300" rotation="180" length="100" width="7.8740157480315" flipped="False">
      <text name="pinname" originx="230" originy="-300" style="Default" rotation="0" justify="left" flipped="False" hidden="False" data="A4" />
      <text name="pindes" originx="140" originy="-280" style="Default" rotation="0" justify="lowerright" flipped="False" hidden="False" data="A4" />
    </sympin>
    <sympin number="5" originx="200" originy="-400" rotation="180" length="100" width="7.8740157480315" flipped="False">
      <text name="pinname" originx="230" originy="-400" style="Default" rotation="0" justify="left" flipped="False" hidden="False" data="B1" />
      <text name="pindes" originx="140" originy="-380" style="Default" rotation="0" justify="lowerright" flipped="False" hidden="False" data="B1" />
    </sympin>
    <sympin number="6" originx="200" originy="-500" rotation="180" length="100" width="7.8740157480315" flipped="False">
      <text name="pinname" originx="230" originy="-500" style="Default" rotation="0" justify="left" flipped="False" hidden="False" data="B2" />
      <text name="pindes" originx="140" originy="-480" style="Default" rotation="0" justify="lowerright" flipped="False" hidden="False" data="B2" />
    </sympin>
    <sympin number="7" originx="800" originy="0" rotation="0" length="100" width="7.8740157480315" flipped="False">
      <text name="pinname" originx="770" originy="0" style="Default" rotation="0" justify="right" flipped="False" hidden="False" data="B3" />
      <text name="pindes" originx="860" originy="20" style="Default" rotation="0" justify="lowerleft" flipped="False" hidden="False" data="B3" />
    </sympin>
    <sympin number="8" originx="800" originy="-100" rotation="0" length="100" width="7.8740157480315" flipped="False">
      <text name="pinname" originx="770" originy="-100" style="Default" rotation="0" justify="right" flipped="False" hidden="False" data="B4" />
      <text name="pindes" originx="860" originy="-80" style="Default" rotation="0" justify="lowerleft" flipped="False" hidden="False" data="B4" />
    </sympin>
    <sympin number="9" originx="800" originy="-200" rotation="0" length="100" width="7.8740157480315" flipped="False">
      <text name="pinname" originx="770" originy="-200" style="Default" rotation="0" justify="right" flipped="False" hidden="False" data="MH1" />
      <text name="pindes" originx="860" originy="-180" style="Default" rotation="0" justify="lowerleft" flipped="False" hidden="False" data="MH1" />
    </sympin>
    <sympin number="10" originx="800" originy="-300" rotation="0" length="100" width="7.8740157480315" flipped="False">
      <text name="pinname" originx="770" originy="-300" style="Default" rotation="0" justify="right" flipped="False" hidden="False" data="MH2" />
      <text name="pindes" originx="860" originy="-280" style="Default" rotation="0" justify="lowerleft" flipped="False" hidden="False" data="MH2" />
    </sympin>
    <sympin number="11" originx="800" originy="-400" rotation="0" length="100" width="7.8740157480315" flipped="False">
      <text name="pinname" originx="770" originy="-400" style="Default" rotation="0" justify="right" flipped="False" hidden="False" data="MH3" />
      <text name="pindes" originx="860" originy="-380" style="Default" rotation="0" justify="lowerleft" flipped="False" hidden="False" data="MH3" />
    </sympin>
    <sympin number="12" originx="800" originy="-500" rotation="0" length="100" width="7.8740157480315" flipped="False">
      <text name="pinname" originx="770" originy="-500" style="Default" rotation="0" justify="right" flipped="False" hidden="False" data="MH4" />
      <text name="pindes" originx="860" originy="-480" style="Default" rotation="0" justify="lowerleft" flipped="False" hidden="False" data="MH4" />
    </sympin>
  </symbol>
  <component name="0672984090" designatorprefix="J" height="0" footprint="0672984090-1">
    <comppin designator="A1" sympin="1" pinswap="0" gateswap="0" gate="1" group="1" side="" type="Any" name="A1" />
    <comppin designator="A2" sympin="2" pinswap="0" gateswap="0" gate="1" group="1" side="" type="Any" name="A2" />
    <comppin designator="A3" sympin="3" pinswap="0" gateswap="0" gate="1" group="1" side="" type="Any" name="A3" />
    <comppin designator="A4" sympin="4" pinswap="0" gateswap="0" gate="1" group="1" side="" type="Any" name="A4" />
    <comppin designator="B1" sympin="5" pinswap="0" gateswap="0" gate="1" group="1" side="" type="Any" name="B1" />
    <comppin designator="B2" sympin="6" pinswap="0" gateswap="0" gate="1" group="1" side="" type="Any" name="B2" />
    <comppin designator="B3" sympin="7" pinswap="0" gateswap="0" gate="1" group="1" side="" type="Any" name="B3" />
    <comppin designator="B4" sympin="8" pinswap="0" gateswap="0" gate="1" group="1" side="" type="Any" name="B4" />
    <comppin designator="MH1" sympin="9" pinswap="0" gateswap="0" gate="1" group="1" side="" type="Any" name="MH1" />
    <comppin designator="MH2" sympin="10" pinswap="0" gateswap="0" gate="1" group="1" side="" type="Any" name="MH2" />
    <comppin designator="MH3" sympin="11" pinswap="0" gateswap="0" gate="1" group="1" side="" type="Any" name="MH3" />
    <comppin designator="MH4" sympin="12" pinswap="0" gateswap="0" gate="1" group="1" side="" type="Any" name="MH4" />
    <attached_symbol gate="1" name="0672984090" />
    <pinmap designator="A1" footprintpin="1" />
    <pinmap designator="A2" footprintpin="2" />
    <pinmap designator="A3" footprintpin="3" />
    <pinmap designator="A4" footprintpin="4" />
    <pinmap designator="B1" footprintpin="5" />
    <pinmap designator="B2" footprintpin="6" />
    <pinmap designator="B3" footprintpin="7" />
    <pinmap designator="B4" footprintpin="8" />
    <pinmap designator="MH1" footprintpin="9" />
    <pinmap designator="MH2" footprintpin="10" />
    <pinmap designator="MH3" footprintpin="11" />
    <pinmap designator="MH4" footprintpin="12" />
    <text name="Datasheet" originx="0" originy="0" style="Default" rotation="0" justify="" flipped="False" hidden="True" data="https://www.molex.com/pdm_docs/sd/672984090_sd.pdf" />
    <text name="Description" originx="0" originy="0" style="Default" rotation="0" justify="" flipped="False" hidden="True" data="Conn USB 2.0 Type A RCP 8 POS 2mm/2.5mm Solder RA Thru-Hole 8 Terminal 2 Port USB Tray" />
    <text name="Manufacturer_Name" originx="0" originy="0" style="Default" rotation="0" justify="" flipped="False" hidden="True" data="Molex" />
    <text name="Manufacturer_Part_Number" originx="850" originy="200" style="Default" rotation="0" justify="left" flipped="False" hidden="False" data="0672984090" />
    <text name="Mouser Part Number" originx="0" originy="0" style="Default" rotation="0" justify="" flipped="False" hidden="True" data="N/A" />
    <text name="Mouser Price/Stock" originx="0" originy="0" style="Default" rotation="0" justify="" flipped="False" hidden="True" data="https://www.mouser.co.uk/ProductDetail/Molex/0672984090?qs=PBcRNPEHKspievjVq0oVuQ%3D%3D" />
    <text name="Arrow Part Number" originx="0" originy="0" style="Default" rotation="0" justify="" flipped="False" hidden="True" data="0672984090" />
    <text name="Arrow Price/Stock" originx="0" originy="0" style="Default" rotation="0" justify="" flipped="False" hidden="True" data="https://www.arrow.com/en/products/0672984090/molex" />
  </component>
</quadcept_library>
